2025-10-03 22:02:25,466 [INFO] werkzeug: [31m[1mWARNING: This is a development server. Do not use it in a production deployment. Use a production WSGI server instead.[0m
 * Running on all addresses (0.0.0.0)
 * Running on https://127.0.0.1:8445
 * Running on https://172.30.1.17:8445
2025-10-03 22:02:25,466 [INFO] werkzeug: [33mPress CTRL+C to quit[0m
2025-10-03 22:02:42,627 [INFO] werkzeug: 172.30.1.17 - - [03/Oct/2025 22:02:42] "GET /inject HTTP/1.1" 200 -
2025-10-03 22:02:44,392 [INFO] werkzeug: 172.30.1.17 - - [03/Oct/2025 22:02:44] "[36mGET /static/icons/fire.png?v=2 HTTP/1.1[0m" 304 -
2025-10-03 22:02:47,101 [INFO] snd7: [inject] relaying to /sns with headers=text/plain, len=411
2025-10-03 22:02:47,107 [ERROR] snd7: inject error
Traceback (most recent call last):
  File "/root/PycharmProjects/AX-1/venv/lib/python3.10/site-packages/urllib3/connection.py", line 198, in _new_conn
    sock = connection.create_connection(
  File "/root/PycharmProjects/AX-1/venv/lib/python3.10/site-packages/urllib3/util/connection.py", line 85, in create_connection
    raise err
  File "/root/PycharmProjects/AX-1/venv/lib/python3.10/site-packages/urllib3/util/connection.py", line 73, in create_connection
    sock.connect(sa)
ConnectionRefusedError: [Errno 111] Connection refused

The above exception was the direct cause of the following exception:

Traceback (most recent call last):
  File "/root/PycharmProjects/AX-1/venv/lib/python3.10/site-packages/urllib3/connectionpool.py", line 787, in urlopen
    response = self._make_request(
  File "/root/PycharmProjects/AX-1/venv/lib/python3.10/site-packages/urllib3/connectionpool.py", line 488, in _make_request
    raise new_e
  File "/root/PycharmProjects/AX-1/venv/lib/python3.10/site-packages/urllib3/connectionpool.py", line 464, in _make_request
    self._validate_conn(conn)
  File "/root/PycharmProjects/AX-1/venv/lib/python3.10/site-packages/urllib3/connectionpool.py", line 1093, in _validate_conn
    conn.connect()
  File "/root/PycharmProjects/AX-1/venv/lib/python3.10/site-packages/urllib3/connection.py", line 753, in connect
    self.sock = sock = self._new_conn()
  File "/root/PycharmProjects/AX-1/venv/lib/python3.10/site-packages/urllib3/connection.py", line 213, in _new_conn
    raise NewConnectionError(
urllib3.exceptions.NewConnectionError: <urllib3.connection.HTTPSConnection object at 0x7f94ab3130d0>: Failed to establish a new connection: [Errno 111] Connection refused

The above exception was the direct cause of the following exception:

Traceback (most recent call last):
  File "/root/PycharmProjects/AX-1/venv/lib/python3.10/site-packages/requests/adapters.py", line 644, in send
    resp = conn.urlopen(
  File "/root/PycharmProjects/AX-1/venv/lib/python3.10/site-packages/urllib3/connectionpool.py", line 841, in urlopen
    retries = retries.increment(
  File "/root/PycharmProjects/AX-1/venv/lib/python3.10/site-packages/urllib3/util/retry.py", line 519, in increment
    raise MaxRetryError(_pool, url, reason) from reason  # type: ignore[arg-type]
urllib3.exceptions.MaxRetryError: HTTPSConnectionPool(host='127.0.0.1', port=8443): Max retries exceeded with url: /sns (Caused by NewConnectionError('<urllib3.connection.HTTPSConnection object at 0x7f94ab3130d0>: Failed to establish a new connection: [Errno 111] Connection refused'))

During handling of the above exception, another exception occurred:

Traceback (most recent call last):
  File "/root/PycharmProjects/AX-1/snd7.py", line 716, in api_inject
    r = requests.post(
  File "/root/PycharmProjects/AX-1/venv/lib/python3.10/site-packages/requests/api.py", line 115, in post
    return request("post", url, data=data, json=json, **kwargs)
  File "/root/PycharmProjects/AX-1/venv/lib/python3.10/site-packages/requests/api.py", line 59, in request
    return session.request(method=method, url=url, **kwargs)
  File "/root/PycharmProjects/AX-1/venv/lib/python3.10/site-packages/requests/sessions.py", line 589, in request
    resp = self.send(prep, **send_kwargs)
  File "/root/PycharmProjects/AX-1/venv/lib/python3.10/site-packages/requests/sessions.py", line 703, in send
    r = adapter.send(request, **kwargs)
  File "/root/PycharmProjects/AX-1/venv/lib/python3.10/site-packages/requests/adapters.py", line 677, in send
    raise ConnectionError(e, request=request)
requests.exceptions.ConnectionError: HTTPSConnectionPool(host='127.0.0.1', port=8443): Max retries exceeded with url: /sns (Caused by NewConnectionError('<urllib3.connection.HTTPSConnection object at 0x7f94ab3130d0>: Failed to establish a new connection: [Errno 111] Connection refused'))
2025-10-03 22:02:47,113 [INFO] werkzeug: 172.30.1.17 - - [03/Oct/2025 22:02:47] "[35m[1mPOST /api/inject HTTP/1.1[0m" 500 -
2025-10-03 22:07:09,217 [INFO] werkzeug: [31m[1mWARNING: This is a development server. Do not use it in a production deployment. Use a production WSGI server instead.[0m
 * Running on all addresses (0.0.0.0)
 * Running on https://127.0.0.1:8445
 * Running on https://172.30.1.17:8445
2025-10-03 22:07:09,217 [INFO] werkzeug: [33mPress CTRL+C to quit[0m
2025-10-03 22:07:19,238 [INFO] werkzeug: 172.30.1.17 - - [03/Oct/2025 22:07:19] "GET /xxx HTTP/1.1" 200 -
2025-10-03 22:07:22,207 [INFO] werkzeug: 172.30.1.17 - - [03/Oct/2025 22:07:22] "GET /inject HTTP/1.1" 200 -
2025-10-03 22:07:32,493 [INFO] werkzeug: 172.30.1.17 - - [03/Oct/2025 22:07:32] "[36mGET /static/icons/fire.png?v=2 HTTP/1.1[0m" 304 -
2025-10-03 22:07:34,469 [INFO] snd7: [inject] relaying to /sns with headers=text/plain, len=411
2025-10-03 22:07:34,473 [ERROR] snd7: inject error
Traceback (most recent call last):
  File "/root/PycharmProjects/AX-1/venv/lib/python3.10/site-packages/urllib3/connection.py", line 198, in _new_conn
    sock = connection.create_connection(
  File "/root/PycharmProjects/AX-1/venv/lib/python3.10/site-packages/urllib3/util/connection.py", line 85, in create_connection
    raise err
  File "/root/PycharmProjects/AX-1/venv/lib/python3.10/site-packages/urllib3/util/connection.py", line 73, in create_connection
    sock.connect(sa)
ConnectionRefusedError: [Errno 111] Connection refused

The above exception was the direct cause of the following exception:

Traceback (most recent call last):
  File "/root/PycharmProjects/AX-1/venv/lib/python3.10/site-packages/urllib3/connectionpool.py", line 787, in urlopen
    response = self._make_request(
  File "/root/PycharmProjects/AX-1/venv/lib/python3.10/site-packages/urllib3/connectionpool.py", line 488, in _make_request
    raise new_e
  File "/root/PycharmProjects/AX-1/venv/lib/python3.10/site-packages/urllib3/connectionpool.py", line 464, in _make_request
    self._validate_conn(conn)
  File "/root/PycharmProjects/AX-1/venv/lib/python3.10/site-packages/urllib3/connectionpool.py", line 1093, in _validate_conn
    conn.connect()
  File "/root/PycharmProjects/AX-1/venv/lib/python3.10/site-packages/urllib3/connection.py", line 753, in connect
    self.sock = sock = self._new_conn()
  File "/root/PycharmProjects/AX-1/venv/lib/python3.10/site-packages/urllib3/connection.py", line 213, in _new_conn
    raise NewConnectionError(
urllib3.exceptions.NewConnectionError: <urllib3.connection.HTTPSConnection object at 0x7f4af0f7b370>: Failed to establish a new connection: [Errno 111] Connection refused

The above exception was the direct cause of the following exception:

Traceback (most recent call last):
  File "/root/PycharmProjects/AX-1/venv/lib/python3.10/site-packages/requests/adapters.py", line 644, in send
    resp = conn.urlopen(
  File "/root/PycharmProjects/AX-1/venv/lib/python3.10/site-packages/urllib3/connectionpool.py", line 841, in urlopen
    retries = retries.increment(
  File "/root/PycharmProjects/AX-1/venv/lib/python3.10/site-packages/urllib3/util/retry.py", line 519, in increment
    raise MaxRetryError(_pool, url, reason) from reason  # type: ignore[arg-type]
urllib3.exceptions.MaxRetryError: HTTPSConnectionPool(host='127.0.0.1', port=8443): Max retries exceeded with url: /sns (Caused by NewConnectionError('<urllib3.connection.HTTPSConnection object at 0x7f4af0f7b370>: Failed to establish a new connection: [Errno 111] Connection refused'))

During handling of the above exception, another exception occurred:

Traceback (most recent call last):
  File "/root/PycharmProjects/AX-1/snd7.py", line 665, in api_inject
    r = requests.post(
  File "/root/PycharmProjects/AX-1/venv/lib/python3.10/site-packages/requests/api.py", line 115, in post
    return request("post", url, data=data, json=json, **kwargs)
  File "/root/PycharmProjects/AX-1/venv/lib/python3.10/site-packages/requests/api.py", line 59, in request
    return session.request(method=method, url=url, **kwargs)
  File "/root/PycharmProjects/AX-1/venv/lib/python3.10/site-packages/requests/sessions.py", line 589, in request
    resp = self.send(prep, **send_kwargs)
  File "/root/PycharmProjects/AX-1/venv/lib/python3.10/site-packages/requests/sessions.py", line 703, in send
    r = adapter.send(request, **kwargs)
  File "/root/PycharmProjects/AX-1/venv/lib/python3.10/site-packages/requests/adapters.py", line 677, in send
    raise ConnectionError(e, request=request)
requests.exceptions.ConnectionError: HTTPSConnectionPool(host='127.0.0.1', port=8443): Max retries exceeded with url: /sns (Caused by NewConnectionError('<urllib3.connection.HTTPSConnection object at 0x7f4af0f7b370>: Failed to establish a new connection: [Errno 111] Connection refused'))
2025-10-03 22:07:34,475 [INFO] werkzeug: 172.30.1.17 - - [03/Oct/2025 22:07:34] "[35m[1mPOST /api/inject HTTP/1.1[0m" 500 -
2025-10-03 22:07:45,463 [INFO] werkzeug: 172.30.1.17 - - [03/Oct/2025 22:07:45] "GET /xxx1 HTTP/1.1" 200 -
2025-10-03 22:07:45,485 [INFO] werkzeug: 172.30.1.17 - - [03/Oct/2025 22:07:45] "GET /static/img/sns.png HTTP/1.1" 200 -
2025-10-03 22:07:55,785 [INFO] werkzeug: 172.30.1.17 - - [03/Oct/2025 22:07:55] "GET / HTTP/1.1" 200 -
2025-10-03 22:07:55,808 [INFO] werkzeug: 172.30.1.17 - - [03/Oct/2025 22:07:55] "GET /static/img/fires.png HTTP/1.1" 200 -
2025-10-03 22:07:55,810 [INFO] werkzeug: 172.30.1.17 - - [03/Oct/2025 22:07:55] "[36mGET /static/img/sns.png HTTP/1.1[0m" 304 -
2025-10-03 22:08:48,529 [INFO] werkzeug: [31m[1mWARNING: This is a development server. Do not use it in a production deployment. Use a production WSGI server instead.[0m
 * Running on all addresses (0.0.0.0)
 * Running on https://127.0.0.1:8445
 * Running on https://172.30.1.17:8445
2025-10-03 22:08:48,529 [INFO] werkzeug: [33mPress CTRL+C to quit[0m
2025-10-03 22:08:53,001 [INFO] werkzeug: 172.30.1.17 - - [03/Oct/2025 22:08:53] "GET / HTTP/1.1" 200 -
2025-10-03 22:08:53,024 [INFO] werkzeug: 172.30.1.17 - - [03/Oct/2025 22:08:53] "[36mGET /static/img/fires.png HTTP/1.1[0m" 304 -
2025-10-03 22:08:53,026 [INFO] werkzeug: 172.30.1.17 - - [03/Oct/2025 22:08:53] "[36mGET /static/img/sns.png HTTP/1.1[0m" 304 -
2025-10-03 22:08:55,703 [INFO] werkzeug: 172.30.1.17 - - [03/Oct/2025 22:08:55] "GET / HTTP/1.1" 200 -
2025-10-03 22:08:55,727 [INFO] werkzeug: 172.30.1.17 - - [03/Oct/2025 22:08:55] "[36mGET /static/img/fires.png HTTP/1.1[0m" 304 -
2025-10-03 22:08:55,729 [INFO] werkzeug: 172.30.1.17 - - [03/Oct/2025 22:08:55] "[36mGET /static/img/sns.png HTTP/1.1[0m" 304 -
2025-10-03 22:08:58,918 [INFO] werkzeug: 172.30.1.17 - - [03/Oct/2025 22:08:58] "GET /inject HTTP/1.1" 200 -
2025-10-03 22:09:02,202 [INFO] werkzeug: 172.30.1.17 - - [03/Oct/2025 22:09:02] "[36mGET /static/icons/fire.png?v=2 HTTP/1.1[0m" 304 -
2025-10-03 22:09:08,658 [INFO] snd7: [inject] relaying to /sns with headers=text/plain, len=411
2025-10-03 22:09:08,663 [ERROR] snd7: inject error
Traceback (most recent call last):
  File "/root/PycharmProjects/AX-1/venv/lib/python3.10/site-packages/urllib3/connection.py", line 198, in _new_conn
    sock = connection.create_connection(
  File "/root/PycharmProjects/AX-1/venv/lib/python3.10/site-packages/urllib3/util/connection.py", line 85, in create_connection
    raise err
  File "/root/PycharmProjects/AX-1/venv/lib/python3.10/site-packages/urllib3/util/connection.py", line 73, in create_connection
    sock.connect(sa)
ConnectionRefusedError: [Errno 111] Connection refused

The above exception was the direct cause of the following exception:

Traceback (most recent call last):
  File "/root/PycharmProjects/AX-1/venv/lib/python3.10/site-packages/urllib3/connectionpool.py", line 787, in urlopen
    response = self._make_request(
  File "/root/PycharmProjects/AX-1/venv/lib/python3.10/site-packages/urllib3/connectionpool.py", line 488, in _make_request
    raise new_e
  File "/root/PycharmProjects/AX-1/venv/lib/python3.10/site-packages/urllib3/connectionpool.py", line 464, in _make_request
    self._validate_conn(conn)
  File "/root/PycharmProjects/AX-1/venv/lib/python3.10/site-packages/urllib3/connectionpool.py", line 1093, in _validate_conn
    conn.connect()
  File "/root/PycharmProjects/AX-1/venv/lib/python3.10/site-packages/urllib3/connection.py", line 753, in connect
    self.sock = sock = self._new_conn()
  File "/root/PycharmProjects/AX-1/venv/lib/python3.10/site-packages/urllib3/connection.py", line 213, in _new_conn
    raise NewConnectionError(
urllib3.exceptions.NewConnectionError: <urllib3.connection.HTTPSConnection object at 0x7f7c955c1cf0>: Failed to establish a new connection: [Errno 111] Connection refused

The above exception was the direct cause of the following exception:

Traceback (most recent call last):
  File "/root/PycharmProjects/AX-1/venv/lib/python3.10/site-packages/requests/adapters.py", line 644, in send
    resp = conn.urlopen(
  File "/root/PycharmProjects/AX-1/venv/lib/python3.10/site-packages/urllib3/connectionpool.py", line 841, in urlopen
    retries = retries.increment(
  File "/root/PycharmProjects/AX-1/venv/lib/python3.10/site-packages/urllib3/util/retry.py", line 519, in increment
    raise MaxRetryError(_pool, url, reason) from reason  # type: ignore[arg-type]
urllib3.exceptions.MaxRetryError: HTTPSConnectionPool(host='127.0.0.1', port=8443): Max retries exceeded with url: /sns (Caused by NewConnectionError('<urllib3.connection.HTTPSConnection object at 0x7f7c955c1cf0>: Failed to establish a new connection: [Errno 111] Connection refused'))

During handling of the above exception, another exception occurred:

Traceback (most recent call last):
  File "/root/PycharmProjects/AX-1/snd7.py", line 665, in api_inject
    r = requests.post(
  File "/root/PycharmProjects/AX-1/venv/lib/python3.10/site-packages/requests/api.py", line 115, in post
    return request("post", url, data=data, json=json, **kwargs)
  File "/root/PycharmProjects/AX-1/venv/lib/python3.10/site-packages/requests/api.py", line 59, in request
    return session.request(method=method, url=url, **kwargs)
  File "/root/PycharmProjects/AX-1/venv/lib/python3.10/site-packages/requests/sessions.py", line 589, in request
    resp = self.send(prep, **send_kwargs)
  File "/root/PycharmProjects/AX-1/venv/lib/python3.10/site-packages/requests/sessions.py", line 703, in send
    r = adapter.send(request, **kwargs)
  File "/root/PycharmProjects/AX-1/venv/lib/python3.10/site-packages/requests/adapters.py", line 677, in send
    raise ConnectionError(e, request=request)
requests.exceptions.ConnectionError: HTTPSConnectionPool(host='127.0.0.1', port=8443): Max retries exceeded with url: /sns (Caused by NewConnectionError('<urllib3.connection.HTTPSConnection object at 0x7f7c955c1cf0>: Failed to establish a new connection: [Errno 111] Connection refused'))
2025-10-03 22:09:08,664 [INFO] werkzeug: 172.30.1.17 - - [03/Oct/2025 22:09:08] "[35m[1mPOST /api/inject HTTP/1.1[0m" 500 -
2025-10-03 22:10:14,792 [INFO] werkzeug: 172.30.1.17 - - [03/Oct/2025 22:10:14] "GET / HTTP/1.1" 200 -
2025-10-03 22:10:14,817 [INFO] werkzeug: 172.30.1.17 - - [03/Oct/2025 22:10:14] "[36mGET /static/img/fires.png HTTP/1.1[0m" 304 -
2025-10-03 22:10:14,819 [INFO] werkzeug: 172.30.1.17 - - [03/Oct/2025 22:10:14] "[36mGET /static/img/sns.png HTTP/1.1[0m" 304 -
2025-10-03 22:10:42,150 [INFO] werkzeug: 172.30.1.17 - - [03/Oct/2025 22:10:42] "GET /map HTTP/1.1" 200 -
2025-10-03 22:10:42,192 [INFO] werkzeug: 172.30.1.17 - - [03/Oct/2025 22:10:42] "GET /api/geo?limit=200 HTTP/1.1" 200 -
2025-10-03 22:10:47,196 [INFO] werkzeug: 172.30.1.17 - - [03/Oct/2025 22:10:47] "GET /api/geo?limit=200 HTTP/1.1" 200 -
2025-10-03 22:10:51,290 [INFO] werkzeug: 172.30.1.17 - - [03/Oct/2025 22:10:51] "GET /health HTTP/1.1" 200 -
2025-10-03 22:10:53,065 [INFO] werkzeug: 172.30.1.17 - - [03/Oct/2025 22:10:53] "GET /api/geo?limit=200 HTTP/1.1" 200 -
2025-10-03 22:10:58,068 [INFO] werkzeug: 172.30.1.17 - - [03/Oct/2025 22:10:58] "GET /api/geo?limit=200 HTTP/1.1" 200 -
2025-10-03 22:11:02,194 [INFO] werkzeug: 172.30.1.17 - - [03/Oct/2025 22:11:02] "GET /api/geo?limit=200 HTTP/1.1" 200 -
2025-10-03 22:11:07,197 [INFO] werkzeug: 172.30.1.17 - - [03/Oct/2025 22:11:07] "GET /api/geo?limit=200 HTTP/1.1" 200 -
2025-10-03 22:11:43,062 [INFO] werkzeug: 172.30.1.17 - - [03/Oct/2025 22:11:43] "GET /inject HTTP/1.1" 200 -
2025-10-03 22:16:41,796 [INFO] werkzeug: [31m[1mWARNING: This is a development server. Do not use it in a production deployment. Use a production WSGI server instead.[0m
 * Running on all addresses (0.0.0.0)
 * Running on https://127.0.0.1:8443
 * Running on https://172.30.1.17:8443
2025-10-03 22:16:41,796 [INFO] werkzeug: [33mPress CTRL+C to quit[0m
2025-10-03 22:16:52,351 [INFO] werkzeug: 127.0.0.1 - - [03/Oct/2025 22:16:52] "GET / HTTP/1.1" 200 -
2025-10-03 22:16:52,383 [INFO] werkzeug: 127.0.0.1 - - [03/Oct/2025 22:16:52] "GET /static/img/fires.png HTTP/1.1" 200 -
2025-10-03 22:16:52,385 [INFO] werkzeug: 127.0.0.1 - - [03/Oct/2025 22:16:52] "GET /static/img/sns.png HTTP/1.1" 200 -
2025-10-03 22:16:52,402 [INFO] werkzeug: 127.0.0.1 - - [03/Oct/2025 22:16:52] "[33mGET /favicon.ico HTTP/1.1[0m" 404 -
2025-10-03 22:16:56,113 [INFO] werkzeug: 127.0.0.1 - - [03/Oct/2025 22:16:56] "GET /inject HTTP/1.1" 200 -
2025-10-03 22:16:58,115 [INFO] werkzeug: 127.0.0.1 - - [03/Oct/2025 22:16:58] "GET /static/icons/fire.png?v=2 HTTP/1.1" 200 -
2025-10-03 22:17:04,419 [INFO] snd7: [inject] relaying to /sns with headers=text/plain, len=411
2025-10-03 22:17:04,425 [ERROR] snd7: Validator missing. Install aws-sns-message-validator or set BYPASS=1 for local test.
2025-10-03 22:17:04,426 [INFO] werkzeug: 127.0.0.1 - - [03/Oct/2025 22:17:04] "[35m[1mPOST /sns HTTP/1.1[0m" 500 -
2025-10-03 22:17:04,436 [INFO] snd7: [inject] /sns responded 500 server not ready
2025-10-03 22:17:04,436 [INFO] werkzeug: 127.0.0.1 - - [03/Oct/2025 22:17:04] "POST /api/inject HTTP/1.1" 200 -
2025-10-03 22:33:04,124 [INFO] werkzeug: [31m[1mWARNING: This is a development server. Do not use it in a production deployment. Use a production WSGI server instead.[0m
 * Running on all addresses (0.0.0.0)
 * Running on https://127.0.0.1:8445
 * Running on https://172.30.1.17:8445
2025-10-03 22:33:04,124 [INFO] werkzeug: [33mPress CTRL+C to quit[0m
2025-10-03 22:33:52,104 [INFO] werkzeug: 172.30.1.17 - - [03/Oct/2025 22:33:52] "GET / HTTP/1.1" 200 -
2025-10-03 22:33:52,128 [INFO] werkzeug: 172.30.1.17 - - [03/Oct/2025 22:33:52] "GET /static/img/fires.png HTTP/1.1" 200 -
2025-10-03 22:33:52,130 [INFO] werkzeug: 172.30.1.17 - - [03/Oct/2025 22:33:52] "GET /static/img/sns.png HTTP/1.1" 200 -
2025-10-03 22:33:54,904 [INFO] werkzeug: 172.30.1.17 - - [03/Oct/2025 22:33:54] "GET /inject HTTP/1.1" 200 -
2025-10-03 22:33:57,164 [INFO] werkzeug: 172.30.1.17 - - [03/Oct/2025 22:33:57] "GET /static/icons/fire.png?v=2 HTTP/1.1" 200 -
2025-10-03 22:34:02,694 [INFO] snd7: [inject] relaying to /sns with headers=text/plain, len=411
2025-10-03 22:34:02,699 [ERROR] snd7: inject error
Traceback (most recent call last):
  File "/root/PycharmProjects/AX-1/venv/lib/python3.10/site-packages/urllib3/connection.py", line 198, in _new_conn
    sock = connection.create_connection(
  File "/root/PycharmProjects/AX-1/venv/lib/python3.10/site-packages/urllib3/util/connection.py", line 85, in create_connection
    raise err
  File "/root/PycharmProjects/AX-1/venv/lib/python3.10/site-packages/urllib3/util/connection.py", line 73, in create_connection
    sock.connect(sa)
ConnectionRefusedError: [Errno 111] Connection refused

The above exception was the direct cause of the following exception:

Traceback (most recent call last):
  File "/root/PycharmProjects/AX-1/venv/lib/python3.10/site-packages/urllib3/connectionpool.py", line 787, in urlopen
    response = self._make_request(
  File "/root/PycharmProjects/AX-1/venv/lib/python3.10/site-packages/urllib3/connectionpool.py", line 488, in _make_request
    raise new_e
  File "/root/PycharmProjects/AX-1/venv/lib/python3.10/site-packages/urllib3/connectionpool.py", line 464, in _make_request
    self._validate_conn(conn)
  File "/root/PycharmProjects/AX-1/venv/lib/python3.10/site-packages/urllib3/connectionpool.py", line 1093, in _validate_conn
    conn.connect()
  File "/root/PycharmProjects/AX-1/venv/lib/python3.10/site-packages/urllib3/connection.py", line 753, in connect
    self.sock = sock = self._new_conn()
  File "/root/PycharmProjects/AX-1/venv/lib/python3.10/site-packages/urllib3/connection.py", line 213, in _new_conn
    raise NewConnectionError(
urllib3.exceptions.NewConnectionError: <urllib3.connection.HTTPSConnection object at 0x7f3a6b286d10>: Failed to establish a new connection: [Errno 111] Connection refused

The above exception was the direct cause of the following exception:

Traceback (most recent call last):
  File "/root/PycharmProjects/AX-1/venv/lib/python3.10/site-packages/requests/adapters.py", line 644, in send
    resp = conn.urlopen(
  File "/root/PycharmProjects/AX-1/venv/lib/python3.10/site-packages/urllib3/connectionpool.py", line 841, in urlopen
    retries = retries.increment(
  File "/root/PycharmProjects/AX-1/venv/lib/python3.10/site-packages/urllib3/util/retry.py", line 519, in increment
    raise MaxRetryError(_pool, url, reason) from reason  # type: ignore[arg-type]
urllib3.exceptions.MaxRetryError: HTTPSConnectionPool(host='127.0.0.1', port=8443): Max retries exceeded with url: /sns (Caused by NewConnectionError('<urllib3.connection.HTTPSConnection object at 0x7f3a6b286d10>: Failed to establish a new connection: [Errno 111] Connection refused'))

During handling of the above exception, another exception occurred:

Traceback (most recent call last):
  File "/root/PycharmProjects/AX-1/snd7.py", line 665, in api_inject
    r = requests.post(
  File "/root/PycharmProjects/AX-1/venv/lib/python3.10/site-packages/requests/api.py", line 115, in post
    return request("post", url, data=data, json=json, **kwargs)
  File "/root/PycharmProjects/AX-1/venv/lib/python3.10/site-packages/requests/api.py", line 59, in request
    return session.request(method=method, url=url, **kwargs)
  File "/root/PycharmProjects/AX-1/venv/lib/python3.10/site-packages/requests/sessions.py", line 589, in request
    resp = self.send(prep, **send_kwargs)
  File "/root/PycharmProjects/AX-1/venv/lib/python3.10/site-packages/requests/sessions.py", line 703, in send
    r = adapter.send(request, **kwargs)
  File "/root/PycharmProjects/AX-1/venv/lib/python3.10/site-packages/requests/adapters.py", line 677, in send
    raise ConnectionError(e, request=request)
requests.exceptions.ConnectionError: HTTPSConnectionPool(host='127.0.0.1', port=8443): Max retries exceeded with url: /sns (Caused by NewConnectionError('<urllib3.connection.HTTPSConnection object at 0x7f3a6b286d10>: Failed to establish a new connection: [Errno 111] Connection refused'))
2025-10-03 22:34:02,700 [INFO] werkzeug: 172.30.1.17 - - [03/Oct/2025 22:34:02] "[35m[1mPOST /api/inject HTTP/1.1[0m" 500 -
2025-10-03 22:39:30,010 [INFO] snd7: [inject] relaying to /sns with headers=text/plain, len=411
2025-10-03 22:39:30,011 [ERROR] snd7: inject error
Traceback (most recent call last):
  File "/root/PycharmProjects/AX-1/venv/lib/python3.10/site-packages/urllib3/connection.py", line 198, in _new_conn
    sock = connection.create_connection(
  File "/root/PycharmProjects/AX-1/venv/lib/python3.10/site-packages/urllib3/util/connection.py", line 85, in create_connection
    raise err
  File "/root/PycharmProjects/AX-1/venv/lib/python3.10/site-packages/urllib3/util/connection.py", line 73, in create_connection
    sock.connect(sa)
ConnectionRefusedError: [Errno 111] Connection refused

The above exception was the direct cause of the following exception:

Traceback (most recent call last):
  File "/root/PycharmProjects/AX-1/venv/lib/python3.10/site-packages/urllib3/connectionpool.py", line 787, in urlopen
    response = self._make_request(
  File "/root/PycharmProjects/AX-1/venv/lib/python3.10/site-packages/urllib3/connectionpool.py", line 488, in _make_request
    raise new_e
  File "/root/PycharmProjects/AX-1/venv/lib/python3.10/site-packages/urllib3/connectionpool.py", line 464, in _make_request
    self._validate_conn(conn)
  File "/root/PycharmProjects/AX-1/venv/lib/python3.10/site-packages/urllib3/connectionpool.py", line 1093, in _validate_conn
    conn.connect()
  File "/root/PycharmProjects/AX-1/venv/lib/python3.10/site-packages/urllib3/connection.py", line 753, in connect
    self.sock = sock = self._new_conn()
  File "/root/PycharmProjects/AX-1/venv/lib/python3.10/site-packages/urllib3/connection.py", line 213, in _new_conn
    raise NewConnectionError(
urllib3.exceptions.NewConnectionError: <urllib3.connection.HTTPSConnection object at 0x7f3a6b287dc0>: Failed to establish a new connection: [Errno 111] Connection refused

The above exception was the direct cause of the following exception:

Traceback (most recent call last):
  File "/root/PycharmProjects/AX-1/venv/lib/python3.10/site-packages/requests/adapters.py", line 644, in send
    resp = conn.urlopen(
  File "/root/PycharmProjects/AX-1/venv/lib/python3.10/site-packages/urllib3/connectionpool.py", line 841, in urlopen
    retries = retries.increment(
  File "/root/PycharmProjects/AX-1/venv/lib/python3.10/site-packages/urllib3/util/retry.py", line 519, in increment
    raise MaxRetryError(_pool, url, reason) from reason  # type: ignore[arg-type]
urllib3.exceptions.MaxRetryError: HTTPSConnectionPool(host='127.0.0.1', port=8443): Max retries exceeded with url: /sns (Caused by NewConnectionError('<urllib3.connection.HTTPSConnection object at 0x7f3a6b287dc0>: Failed to establish a new connection: [Errno 111] Connection refused'))

During handling of the above exception, another exception occurred:

Traceback (most recent call last):
  File "/root/PycharmProjects/AX-1/snd7.py", line 665, in api_inject
    r = requests.post(
  File "/root/PycharmProjects/AX-1/venv/lib/python3.10/site-packages/requests/api.py", line 115, in post
    return request("post", url, data=data, json=json, **kwargs)
  File "/root/PycharmProjects/AX-1/venv/lib/python3.10/site-packages/requests/api.py", line 59, in request
    return session.request(method=method, url=url, **kwargs)
  File "/root/PycharmProjects/AX-1/venv/lib/python3.10/site-packages/requests/sessions.py", line 589, in request
    resp = self.send(prep, **send_kwargs)
  File "/root/PycharmProjects/AX-1/venv/lib/python3.10/site-packages/requests/sessions.py", line 703, in send
    r = adapter.send(request, **kwargs)
  File "/root/PycharmProjects/AX-1/venv/lib/python3.10/site-packages/requests/adapters.py", line 677, in send
    raise ConnectionError(e, request=request)
requests.exceptions.ConnectionError: HTTPSConnectionPool(host='127.0.0.1', port=8443): Max retries exceeded with url: /sns (Caused by NewConnectionError('<urllib3.connection.HTTPSConnection object at 0x7f3a6b287dc0>: Failed to establish a new connection: [Errno 111] Connection refused'))
2025-10-03 22:39:30,012 [INFO] werkzeug: 172.30.1.17 - - [03/Oct/2025 22:39:30] "[35m[1mPOST /api/inject HTTP/1.1[0m" 500 -
2025-10-03 22:47:56,244 [INFO] werkzeug: [31m[1mWARNING: This is a development server. Do not use it in a production deployment. Use a production WSGI server instead.[0m
 * Running on all addresses (0.0.0.0)
 * Running on https://127.0.0.1:8445
 * Running on https://172.30.1.17:8445
2025-10-03 22:47:56,244 [INFO] werkzeug: [33mPress CTRL+C to quit[0m
2025-10-03 22:48:01,021 [INFO] werkzeug: 172.30.1.17 - - [03/Oct/2025 22:48:01] "GET /inject HTTP/1.1" 200 -
2025-10-03 22:48:02,788 [INFO] werkzeug: 172.30.1.17 - - [03/Oct/2025 22:48:02] "[36mGET /static/icons/fire.png?v=2 HTTP/1.1[0m" 304 -
2025-10-03 22:48:06,405 [INFO] snd7: [inject] relaying to /sns with headers=text/plain, len=411
2025-10-03 22:48:06,409 [ERROR] snd7: inject error
Traceback (most recent call last):
  File "/root/PycharmProjects/AX-1/venv/lib/python3.10/site-packages/urllib3/connection.py", line 198, in _new_conn
    sock = connection.create_connection(
  File "/root/PycharmProjects/AX-1/venv/lib/python3.10/site-packages/urllib3/util/connection.py", line 85, in create_connection
    raise err
  File "/root/PycharmProjects/AX-1/venv/lib/python3.10/site-packages/urllib3/util/connection.py", line 73, in create_connection
    sock.connect(sa)
ConnectionRefusedError: [Errno 111] Connection refused

The above exception was the direct cause of the following exception:

Traceback (most recent call last):
  File "/root/PycharmProjects/AX-1/venv/lib/python3.10/site-packages/urllib3/connectionpool.py", line 787, in urlopen
    response = self._make_request(
  File "/root/PycharmProjects/AX-1/venv/lib/python3.10/site-packages/urllib3/connectionpool.py", line 488, in _make_request
    raise new_e
  File "/root/PycharmProjects/AX-1/venv/lib/python3.10/site-packages/urllib3/connectionpool.py", line 464, in _make_request
    self._validate_conn(conn)
  File "/root/PycharmProjects/AX-1/venv/lib/python3.10/site-packages/urllib3/connectionpool.py", line 1093, in _validate_conn
    conn.connect()
  File "/root/PycharmProjects/AX-1/venv/lib/python3.10/site-packages/urllib3/connection.py", line 753, in connect
    self.sock = sock = self._new_conn()
  File "/root/PycharmProjects/AX-1/venv/lib/python3.10/site-packages/urllib3/connection.py", line 213, in _new_conn
    raise NewConnectionError(
urllib3.exceptions.NewConnectionError: <urllib3.connection.HTTPSConnection object at 0x7f74c1feb0d0>: Failed to establish a new connection: [Errno 111] Connection refused

The above exception was the direct cause of the following exception:

Traceback (most recent call last):
  File "/root/PycharmProjects/AX-1/venv/lib/python3.10/site-packages/requests/adapters.py", line 644, in send
    resp = conn.urlopen(
  File "/root/PycharmProjects/AX-1/venv/lib/python3.10/site-packages/urllib3/connectionpool.py", line 841, in urlopen
    retries = retries.increment(
  File "/root/PycharmProjects/AX-1/venv/lib/python3.10/site-packages/urllib3/util/retry.py", line 519, in increment
    raise MaxRetryError(_pool, url, reason) from reason  # type: ignore[arg-type]
urllib3.exceptions.MaxRetryError: HTTPSConnectionPool(host='127.0.0.1', port=8443): Max retries exceeded with url: /sns (Caused by NewConnectionError('<urllib3.connection.HTTPSConnection object at 0x7f74c1feb0d0>: Failed to establish a new connection: [Errno 111] Connection refused'))

During handling of the above exception, another exception occurred:

Traceback (most recent call last):
  File "/root/PycharmProjects/AX-1/snd7.py", line 665, in api_inject
    r = requests.post(
  File "/root/PycharmProjects/AX-1/venv/lib/python3.10/site-packages/requests/api.py", line 115, in post
    return request("post", url, data=data, json=json, **kwargs)
  File "/root/PycharmProjects/AX-1/venv/lib/python3.10/site-packages/requests/api.py", line 59, in request
    return session.request(method=method, url=url, **kwargs)
  File "/root/PycharmProjects/AX-1/venv/lib/python3.10/site-packages/requests/sessions.py", line 589, in request
    resp = self.send(prep, **send_kwargs)
  File "/root/PycharmProjects/AX-1/venv/lib/python3.10/site-packages/requests/sessions.py", line 703, in send
    r = adapter.send(request, **kwargs)
  File "/root/PycharmProjects/AX-1/venv/lib/python3.10/site-packages/requests/adapters.py", line 677, in send
    raise ConnectionError(e, request=request)
requests.exceptions.ConnectionError: HTTPSConnectionPool(host='127.0.0.1', port=8443): Max retries exceeded with url: /sns (Caused by NewConnectionError('<urllib3.connection.HTTPSConnection object at 0x7f74c1feb0d0>: Failed to establish a new connection: [Errno 111] Connection refused'))
2025-10-03 22:48:06,410 [INFO] werkzeug: 172.30.1.17 - - [03/Oct/2025 22:48:06] "[35m[1mPOST /api/inject HTTP/1.1[0m" 500 -
2025-10-03 22:52:42,843 [INFO] snd7: [inject] relaying to /sns with headers=text/plain, len=411
2025-10-03 22:52:42,844 [ERROR] snd7: inject error
Traceback (most recent call last):
  File "/root/PycharmProjects/AX-1/venv/lib/python3.10/site-packages/urllib3/connection.py", line 198, in _new_conn
    sock = connection.create_connection(
  File "/root/PycharmProjects/AX-1/venv/lib/python3.10/site-packages/urllib3/util/connection.py", line 85, in create_connection
    raise err
  File "/root/PycharmProjects/AX-1/venv/lib/python3.10/site-packages/urllib3/util/connection.py", line 73, in create_connection
    sock.connect(sa)
ConnectionRefusedError: [Errno 111] Connection refused

The above exception was the direct cause of the following exception:

Traceback (most recent call last):
  File "/root/PycharmProjects/AX-1/venv/lib/python3.10/site-packages/urllib3/connectionpool.py", line 787, in urlopen
    response = self._make_request(
  File "/root/PycharmProjects/AX-1/venv/lib/python3.10/site-packages/urllib3/connectionpool.py", line 488, in _make_request
    raise new_e
  File "/root/PycharmProjects/AX-1/venv/lib/python3.10/site-packages/urllib3/connectionpool.py", line 464, in _make_request
    self._validate_conn(conn)
  File "/root/PycharmProjects/AX-1/venv/lib/python3.10/site-packages/urllib3/connectionpool.py", line 1093, in _validate_conn
    conn.connect()
  File "/root/PycharmProjects/AX-1/venv/lib/python3.10/site-packages/urllib3/connection.py", line 753, in connect
    self.sock = sock = self._new_conn()
  File "/root/PycharmProjects/AX-1/venv/lib/python3.10/site-packages/urllib3/connection.py", line 213, in _new_conn
    raise NewConnectionError(
urllib3.exceptions.NewConnectionError: <urllib3.connection.HTTPSConnection object at 0x7f74c1febdf0>: Failed to establish a new connection: [Errno 111] Connection refused

The above exception was the direct cause of the following exception:

Traceback (most recent call last):
  File "/root/PycharmProjects/AX-1/venv/lib/python3.10/site-packages/requests/adapters.py", line 644, in send
    resp = conn.urlopen(
  File "/root/PycharmProjects/AX-1/venv/lib/python3.10/site-packages/urllib3/connectionpool.py", line 841, in urlopen
    retries = retries.increment(
  File "/root/PycharmProjects/AX-1/venv/lib/python3.10/site-packages/urllib3/util/retry.py", line 519, in increment
    raise MaxRetryError(_pool, url, reason) from reason  # type: ignore[arg-type]
urllib3.exceptions.MaxRetryError: HTTPSConnectionPool(host='127.0.0.1', port=8443): Max retries exceeded with url: /sns (Caused by NewConnectionError('<urllib3.connection.HTTPSConnection object at 0x7f74c1febdf0>: Failed to establish a new connection: [Errno 111] Connection refused'))

During handling of the above exception, another exception occurred:

Traceback (most recent call last):
  File "/root/PycharmProjects/AX-1/snd7.py", line 665, in api_inject
    r = requests.post(
  File "/root/PycharmProjects/AX-1/venv/lib/python3.10/site-packages/requests/api.py", line 115, in post
    return request("post", url, data=data, json=json, **kwargs)
  File "/root/PycharmProjects/AX-1/venv/lib/python3.10/site-packages/requests/api.py", line 59, in request
    return session.request(method=method, url=url, **kwargs)
  File "/root/PycharmProjects/AX-1/venv/lib/python3.10/site-packages/requests/sessions.py", line 589, in request
    resp = self.send(prep, **send_kwargs)
  File "/root/PycharmProjects/AX-1/venv/lib/python3.10/site-packages/requests/sessions.py", line 703, in send
    r = adapter.send(request, **kwargs)
  File "/root/PycharmProjects/AX-1/venv/lib/python3.10/site-packages/requests/adapters.py", line 677, in send
    raise ConnectionError(e, request=request)
requests.exceptions.ConnectionError: HTTPSConnectionPool(host='127.0.0.1', port=8443): Max retries exceeded with url: /sns (Caused by NewConnectionError('<urllib3.connection.HTTPSConnection object at 0x7f74c1febdf0>: Failed to establish a new connection: [Errno 111] Connection refused'))
2025-10-03 22:52:42,845 [INFO] werkzeug: 172.30.1.17 - - [03/Oct/2025 22:52:42] "[35m[1mPOST /api/inject HTTP/1.1[0m" 500 -
2025-10-03 22:53:15,614 [INFO] snd7: [inject] relaying to /sns with headers=text/plain, len=411
2025-10-03 22:53:15,615 [ERROR] snd7: inject error
Traceback (most recent call last):
  File "/root/PycharmProjects/AX-1/venv/lib/python3.10/site-packages/urllib3/connection.py", line 198, in _new_conn
    sock = connection.create_connection(
  File "/root/PycharmProjects/AX-1/venv/lib/python3.10/site-packages/urllib3/util/connection.py", line 85, in create_connection
    raise err
  File "/root/PycharmProjects/AX-1/venv/lib/python3.10/site-packages/urllib3/util/connection.py", line 73, in create_connection
    sock.connect(sa)
ConnectionRefusedError: [Errno 111] Connection refused

The above exception was the direct cause of the following exception:

Traceback (most recent call last):
  File "/root/PycharmProjects/AX-1/venv/lib/python3.10/site-packages/urllib3/connectionpool.py", line 787, in urlopen
    response = self._make_request(
  File "/root/PycharmProjects/AX-1/venv/lib/python3.10/site-packages/urllib3/connectionpool.py", line 488, in _make_request
    raise new_e
  File "/root/PycharmProjects/AX-1/venv/lib/python3.10/site-packages/urllib3/connectionpool.py", line 464, in _make_request
    self._validate_conn(conn)
  File "/root/PycharmProjects/AX-1/venv/lib/python3.10/site-packages/urllib3/connectionpool.py", line 1093, in _validate_conn
    conn.connect()
  File "/root/PycharmProjects/AX-1/venv/lib/python3.10/site-packages/urllib3/connection.py", line 753, in connect
    self.sock = sock = self._new_conn()
  File "/root/PycharmProjects/AX-1/venv/lib/python3.10/site-packages/urllib3/connection.py", line 213, in _new_conn
    raise NewConnectionError(
urllib3.exceptions.NewConnectionError: <urllib3.connection.HTTPSConnection object at 0x7f74c16e4d00>: Failed to establish a new connection: [Errno 111] Connection refused

The above exception was the direct cause of the following exception:

Traceback (most recent call last):
  File "/root/PycharmProjects/AX-1/venv/lib/python3.10/site-packages/requests/adapters.py", line 644, in send
    resp = conn.urlopen(
  File "/root/PycharmProjects/AX-1/venv/lib/python3.10/site-packages/urllib3/connectionpool.py", line 841, in urlopen
    retries = retries.increment(
  File "/root/PycharmProjects/AX-1/venv/lib/python3.10/site-packages/urllib3/util/retry.py", line 519, in increment
    raise MaxRetryError(_pool, url, reason) from reason  # type: ignore[arg-type]
urllib3.exceptions.MaxRetryError: HTTPSConnectionPool(host='127.0.0.1', port=8443): Max retries exceeded with url: /sns (Caused by NewConnectionError('<urllib3.connection.HTTPSConnection object at 0x7f74c16e4d00>: Failed to establish a new connection: [Errno 111] Connection refused'))

During handling of the above exception, another exception occurred:

Traceback (most recent call last):
  File "/root/PycharmProjects/AX-1/snd7.py", line 665, in api_inject
    r = requests.post(
  File "/root/PycharmProjects/AX-1/venv/lib/python3.10/site-packages/requests/api.py", line 115, in post
    return request("post", url, data=data, json=json, **kwargs)
  File "/root/PycharmProjects/AX-1/venv/lib/python3.10/site-packages/requests/api.py", line 59, in request
    return session.request(method=method, url=url, **kwargs)
  File "/root/PycharmProjects/AX-1/venv/lib/python3.10/site-packages/requests/sessions.py", line 589, in request
    resp = self.send(prep, **send_kwargs)
  File "/root/PycharmProjects/AX-1/venv/lib/python3.10/site-packages/requests/sessions.py", line 703, in send
    r = adapter.send(request, **kwargs)
  File "/root/PycharmProjects/AX-1/venv/lib/python3.10/site-packages/requests/adapters.py", line 677, in send
    raise ConnectionError(e, request=request)
requests.exceptions.ConnectionError: HTTPSConnectionPool(host='127.0.0.1', port=8443): Max retries exceeded with url: /sns (Caused by NewConnectionError('<urllib3.connection.HTTPSConnection object at 0x7f74c16e4d00>: Failed to establish a new connection: [Errno 111] Connection refused'))
2025-10-03 22:53:15,615 [INFO] werkzeug: 172.30.1.17 - - [03/Oct/2025 22:53:15] "[35m[1mPOST /api/inject HTTP/1.1[0m" 500 -
2025-10-03 22:53:20,688 [INFO] snd7: [inject] relaying to /sns with headers=text/plain, len=411
2025-10-03 22:53:20,692 [ERROR] snd7: inject error
Traceback (most recent call last):
  File "/root/PycharmProjects/AX-1/venv/lib/python3.10/site-packages/urllib3/connection.py", line 198, in _new_conn
    sock = connection.create_connection(
  File "/root/PycharmProjects/AX-1/venv/lib/python3.10/site-packages/urllib3/util/connection.py", line 85, in create_connection
    raise err
  File "/root/PycharmProjects/AX-1/venv/lib/python3.10/site-packages/urllib3/util/connection.py", line 73, in create_connection
    sock.connect(sa)
ConnectionRefusedError: [Errno 111] Connection refused

The above exception was the direct cause of the following exception:

Traceback (most recent call last):
  File "/root/PycharmProjects/AX-1/venv/lib/python3.10/site-packages/urllib3/connectionpool.py", line 787, in urlopen
    response = self._make_request(
  File "/root/PycharmProjects/AX-1/venv/lib/python3.10/site-packages/urllib3/connectionpool.py", line 488, in _make_request
    raise new_e
  File "/root/PycharmProjects/AX-1/venv/lib/python3.10/site-packages/urllib3/connectionpool.py", line 464, in _make_request
    self._validate_conn(conn)
  File "/root/PycharmProjects/AX-1/venv/lib/python3.10/site-packages/urllib3/connectionpool.py", line 1093, in _validate_conn
    conn.connect()
  File "/root/PycharmProjects/AX-1/venv/lib/python3.10/site-packages/urllib3/connection.py", line 753, in connect
    self.sock = sock = self._new_conn()
  File "/root/PycharmProjects/AX-1/venv/lib/python3.10/site-packages/urllib3/connection.py", line 213, in _new_conn
    raise NewConnectionError(
urllib3.exceptions.NewConnectionError: <urllib3.connection.HTTPSConnection object at 0x7f74c1febdc0>: Failed to establish a new connection: [Errno 111] Connection refused

The above exception was the direct cause of the following exception:

Traceback (most recent call last):
  File "/root/PycharmProjects/AX-1/venv/lib/python3.10/site-packages/requests/adapters.py", line 644, in send
    resp = conn.urlopen(
  File "/root/PycharmProjects/AX-1/venv/lib/python3.10/site-packages/urllib3/connectionpool.py", line 841, in urlopen
    retries = retries.increment(
  File "/root/PycharmProjects/AX-1/venv/lib/python3.10/site-packages/urllib3/util/retry.py", line 519, in increment
    raise MaxRetryError(_pool, url, reason) from reason  # type: ignore[arg-type]
urllib3.exceptions.MaxRetryError: HTTPSConnectionPool(host='127.0.0.1', port=8443): Max retries exceeded with url: /sns (Caused by NewConnectionError('<urllib3.connection.HTTPSConnection object at 0x7f74c1febdc0>: Failed to establish a new connection: [Errno 111] Connection refused'))

During handling of the above exception, another exception occurred:

Traceback (most recent call last):
  File "/root/PycharmProjects/AX-1/snd7.py", line 665, in api_inject
    r = requests.post(
  File "/root/PycharmProjects/AX-1/venv/lib/python3.10/site-packages/requests/api.py", line 115, in post
    return request("post", url, data=data, json=json, **kwargs)
  File "/root/PycharmProjects/AX-1/venv/lib/python3.10/site-packages/requests/api.py", line 59, in request
    return session.request(method=method, url=url, **kwargs)
  File "/root/PycharmProjects/AX-1/venv/lib/python3.10/site-packages/requests/sessions.py", line 589, in request
    resp = self.send(prep, **send_kwargs)
  File "/root/PycharmProjects/AX-1/venv/lib/python3.10/site-packages/requests/sessions.py", line 703, in send
    r = adapter.send(request, **kwargs)
  File "/root/PycharmProjects/AX-1/venv/lib/python3.10/site-packages/requests/adapters.py", line 677, in send
    raise ConnectionError(e, request=request)
requests.exceptions.ConnectionError: HTTPSConnectionPool(host='127.0.0.1', port=8443): Max retries exceeded with url: /sns (Caused by NewConnectionError('<urllib3.connection.HTTPSConnection object at 0x7f74c1febdc0>: Failed to establish a new connection: [Errno 111] Connection refused'))
2025-10-03 22:53:20,692 [INFO] werkzeug: 172.30.1.17 - - [03/Oct/2025 22:53:20] "[35m[1mPOST /api/inject HTTP/1.1[0m" 500 -
2025-10-03 22:53:36,676 [INFO] snd7: [inject] relaying to /sns with headers=text/plain, len=411
2025-10-03 22:53:36,677 [ERROR] snd7: inject error
Traceback (most recent call last):
  File "/root/PycharmProjects/AX-1/venv/lib/python3.10/site-packages/urllib3/connection.py", line 198, in _new_conn
    sock = connection.create_connection(
  File "/root/PycharmProjects/AX-1/venv/lib/python3.10/site-packages/urllib3/util/connection.py", line 85, in create_connection
    raise err
  File "/root/PycharmProjects/AX-1/venv/lib/python3.10/site-packages/urllib3/util/connection.py", line 73, in create_connection
    sock.connect(sa)
ConnectionRefusedError: [Errno 111] Connection refused

The above exception was the direct cause of the following exception:

Traceback (most recent call last):
  File "/root/PycharmProjects/AX-1/venv/lib/python3.10/site-packages/urllib3/connectionpool.py", line 787, in urlopen
    response = self._make_request(
  File "/root/PycharmProjects/AX-1/venv/lib/python3.10/site-packages/urllib3/connectionpool.py", line 488, in _make_request
    raise new_e
  File "/root/PycharmProjects/AX-1/venv/lib/python3.10/site-packages/urllib3/connectionpool.py", line 464, in _make_request
    self._validate_conn(conn)
  File "/root/PycharmProjects/AX-1/venv/lib/python3.10/site-packages/urllib3/connectionpool.py", line 1093, in _validate_conn
    conn.connect()
  File "/root/PycharmProjects/AX-1/venv/lib/python3.10/site-packages/urllib3/connection.py", line 753, in connect
    self.sock = sock = self._new_conn()
  File "/root/PycharmProjects/AX-1/venv/lib/python3.10/site-packages/urllib3/connection.py", line 213, in _new_conn
    raise NewConnectionError(
urllib3.exceptions.NewConnectionError: <urllib3.connection.HTTPSConnection object at 0x7f74c16e46a0>: Failed to establish a new connection: [Errno 111] Connection refused

The above exception was the direct cause of the following exception:

Traceback (most recent call last):
  File "/root/PycharmProjects/AX-1/venv/lib/python3.10/site-packages/requests/adapters.py", line 644, in send
    resp = conn.urlopen(
  File "/root/PycharmProjects/AX-1/venv/lib/python3.10/site-packages/urllib3/connectionpool.py", line 841, in urlopen
    retries = retries.increment(
  File "/root/PycharmProjects/AX-1/venv/lib/python3.10/site-packages/urllib3/util/retry.py", line 519, in increment
    raise MaxRetryError(_pool, url, reason) from reason  # type: ignore[arg-type]
urllib3.exceptions.MaxRetryError: HTTPSConnectionPool(host='127.0.0.1', port=8443): Max retries exceeded with url: /sns (Caused by NewConnectionError('<urllib3.connection.HTTPSConnection object at 0x7f74c16e46a0>: Failed to establish a new connection: [Errno 111] Connection refused'))

During handling of the above exception, another exception occurred:

Traceback (most recent call last):
  File "/root/PycharmProjects/AX-1/snd7.py", line 665, in api_inject
    r = requests.post(
  File "/root/PycharmProjects/AX-1/venv/lib/python3.10/site-packages/requests/api.py", line 115, in post
    return request("post", url, data=data, json=json, **kwargs)
  File "/root/PycharmProjects/AX-1/venv/lib/python3.10/site-packages/requests/api.py", line 59, in request
    return session.request(method=method, url=url, **kwargs)
  File "/root/PycharmProjects/AX-1/venv/lib/python3.10/site-packages/requests/sessions.py", line 589, in request
    resp = self.send(prep, **send_kwargs)
  File "/root/PycharmProjects/AX-1/venv/lib/python3.10/site-packages/requests/sessions.py", line 703, in send
    r = adapter.send(request, **kwargs)
  File "/root/PycharmProjects/AX-1/venv/lib/python3.10/site-packages/requests/adapters.py", line 677, in send
    raise ConnectionError(e, request=request)
requests.exceptions.ConnectionError: HTTPSConnectionPool(host='127.0.0.1', port=8443): Max retries exceeded with url: /sns (Caused by NewConnectionError('<urllib3.connection.HTTPSConnection object at 0x7f74c16e46a0>: Failed to establish a new connection: [Errno 111] Connection refused'))
2025-10-03 22:53:36,678 [INFO] werkzeug: 172.30.1.17 - - [03/Oct/2025 22:53:36] "[35m[1mPOST /api/inject HTTP/1.1[0m" 500 -
2025-10-03 22:53:38,614 [INFO] snd7: [inject] relaying to /sns with headers=text/plain, len=411
2025-10-03 22:53:38,618 [ERROR] snd7: inject error
Traceback (most recent call last):
  File "/root/PycharmProjects/AX-1/venv/lib/python3.10/site-packages/urllib3/connection.py", line 198, in _new_conn
    sock = connection.create_connection(
  File "/root/PycharmProjects/AX-1/venv/lib/python3.10/site-packages/urllib3/util/connection.py", line 85, in create_connection
    raise err
  File "/root/PycharmProjects/AX-1/venv/lib/python3.10/site-packages/urllib3/util/connection.py", line 73, in create_connection
    sock.connect(sa)
ConnectionRefusedError: [Errno 111] Connection refused

The above exception was the direct cause of the following exception:

Traceback (most recent call last):
  File "/root/PycharmProjects/AX-1/venv/lib/python3.10/site-packages/urllib3/connectionpool.py", line 787, in urlopen
    response = self._make_request(
  File "/root/PycharmProjects/AX-1/venv/lib/python3.10/site-packages/urllib3/connectionpool.py", line 488, in _make_request
    raise new_e
  File "/root/PycharmProjects/AX-1/venv/lib/python3.10/site-packages/urllib3/connectionpool.py", line 464, in _make_request
    self._validate_conn(conn)
  File "/root/PycharmProjects/AX-1/venv/lib/python3.10/site-packages/urllib3/connectionpool.py", line 1093, in _validate_conn
    conn.connect()
  File "/root/PycharmProjects/AX-1/venv/lib/python3.10/site-packages/urllib3/connection.py", line 753, in connect
    self.sock = sock = self._new_conn()
  File "/root/PycharmProjects/AX-1/venv/lib/python3.10/site-packages/urllib3/connection.py", line 213, in _new_conn
    raise NewConnectionError(
urllib3.exceptions.NewConnectionError: <urllib3.connection.HTTPSConnection object at 0x7f74c16e5a80>: Failed to establish a new connection: [Errno 111] Connection refused

The above exception was the direct cause of the following exception:

Traceback (most recent call last):
  File "/root/PycharmProjects/AX-1/venv/lib/python3.10/site-packages/requests/adapters.py", line 644, in send
    resp = conn.urlopen(
  File "/root/PycharmProjects/AX-1/venv/lib/python3.10/site-packages/urllib3/connectionpool.py", line 841, in urlopen
    retries = retries.increment(
  File "/root/PycharmProjects/AX-1/venv/lib/python3.10/site-packages/urllib3/util/retry.py", line 519, in increment
    raise MaxRetryError(_pool, url, reason) from reason  # type: ignore[arg-type]
urllib3.exceptions.MaxRetryError: HTTPSConnectionPool(host='127.0.0.1', port=8443): Max retries exceeded with url: /sns (Caused by NewConnectionError('<urllib3.connection.HTTPSConnection object at 0x7f74c16e5a80>: Failed to establish a new connection: [Errno 111] Connection refused'))

During handling of the above exception, another exception occurred:

Traceback (most recent call last):
  File "/root/PycharmProjects/AX-1/snd7.py", line 665, in api_inject
    r = requests.post(
  File "/root/PycharmProjects/AX-1/venv/lib/python3.10/site-packages/requests/api.py", line 115, in post
    return request("post", url, data=data, json=json, **kwargs)
  File "/root/PycharmProjects/AX-1/venv/lib/python3.10/site-packages/requests/api.py", line 59, in request
    return session.request(method=method, url=url, **kwargs)
  File "/root/PycharmProjects/AX-1/venv/lib/python3.10/site-packages/requests/sessions.py", line 589, in request
    resp = self.send(prep, **send_kwargs)
  File "/root/PycharmProjects/AX-1/venv/lib/python3.10/site-packages/requests/sessions.py", line 703, in send
    r = adapter.send(request, **kwargs)
  File "/root/PycharmProjects/AX-1/venv/lib/python3.10/site-packages/requests/adapters.py", line 677, in send
    raise ConnectionError(e, request=request)
requests.exceptions.ConnectionError: HTTPSConnectionPool(host='127.0.0.1', port=8443): Max retries exceeded with url: /sns (Caused by NewConnectionError('<urllib3.connection.HTTPSConnection object at 0x7f74c16e5a80>: Failed to establish a new connection: [Errno 111] Connection refused'))
2025-10-03 22:53:38,619 [INFO] werkzeug: 172.30.1.17 - - [03/Oct/2025 22:53:38] "[35m[1mPOST /api/inject HTTP/1.1[0m" 500 -
2025-10-03 22:54:06,274 [INFO] werkzeug: [31m[1mWARNING: This is a development server. Do not use it in a production deployment. Use a production WSGI server instead.[0m
 * Running on all addresses (0.0.0.0)
 * Running on https://127.0.0.1:8445
 * Running on https://172.30.1.17:8445
2025-10-03 22:54:06,274 [INFO] werkzeug: [33mPress CTRL+C to quit[0m
2025-10-03 22:54:09,906 [INFO] werkzeug: 172.30.1.17 - - [03/Oct/2025 22:54:09] "GET /inject HTTP/1.1" 200 -
2025-10-03 22:54:12,843 [INFO] werkzeug: 172.30.1.17 - - [03/Oct/2025 22:54:12] "[36mGET /static/icons/fire.png?v=2 HTTP/1.1[0m" 304 -
2025-10-03 22:54:19,803 [INFO] snd7: [inject] relaying to /sns with headers=text/plain, len=411
2025-10-03 22:54:19,807 [ERROR] snd7: inject error
Traceback (most recent call last):
  File "/root/PycharmProjects/AX-1/venv/lib/python3.10/site-packages/urllib3/connection.py", line 198, in _new_conn
    sock = connection.create_connection(
  File "/root/PycharmProjects/AX-1/venv/lib/python3.10/site-packages/urllib3/util/connection.py", line 85, in create_connection
    raise err
  File "/root/PycharmProjects/AX-1/venv/lib/python3.10/site-packages/urllib3/util/connection.py", line 73, in create_connection
    sock.connect(sa)
ConnectionRefusedError: [Errno 111] Connection refused

The above exception was the direct cause of the following exception:

Traceback (most recent call last):
  File "/root/PycharmProjects/AX-1/venv/lib/python3.10/site-packages/urllib3/connectionpool.py", line 787, in urlopen
    response = self._make_request(
  File "/root/PycharmProjects/AX-1/venv/lib/python3.10/site-packages/urllib3/connectionpool.py", line 488, in _make_request
    raise new_e
  File "/root/PycharmProjects/AX-1/venv/lib/python3.10/site-packages/urllib3/connectionpool.py", line 464, in _make_request
    self._validate_conn(conn)
  File "/root/PycharmProjects/AX-1/venv/lib/python3.10/site-packages/urllib3/connectionpool.py", line 1093, in _validate_conn
    conn.connect()
  File "/root/PycharmProjects/AX-1/venv/lib/python3.10/site-packages/urllib3/connection.py", line 753, in connect
    self.sock = sock = self._new_conn()
  File "/root/PycharmProjects/AX-1/venv/lib/python3.10/site-packages/urllib3/connection.py", line 213, in _new_conn
    raise NewConnectionError(
urllib3.exceptions.NewConnectionError: <urllib3.connection.HTTPSConnection object at 0x7f3221e270d0>: Failed to establish a new connection: [Errno 111] Connection refused

The above exception was the direct cause of the following exception:

Traceback (most recent call last):
  File "/root/PycharmProjects/AX-1/venv/lib/python3.10/site-packages/requests/adapters.py", line 644, in send
    resp = conn.urlopen(
  File "/root/PycharmProjects/AX-1/venv/lib/python3.10/site-packages/urllib3/connectionpool.py", line 841, in urlopen
    retries = retries.increment(
  File "/root/PycharmProjects/AX-1/venv/lib/python3.10/site-packages/urllib3/util/retry.py", line 519, in increment
    raise MaxRetryError(_pool, url, reason) from reason  # type: ignore[arg-type]
urllib3.exceptions.MaxRetryError: HTTPSConnectionPool(host='127.0.0.1', port=8443): Max retries exceeded with url: /sns (Caused by NewConnectionError('<urllib3.connection.HTTPSConnection object at 0x7f3221e270d0>: Failed to establish a new connection: [Errno 111] Connection refused'))

During handling of the above exception, another exception occurred:

Traceback (most recent call last):
  File "/root/PycharmProjects/AX-1/snd7.py", line 665, in api_inject
    r = requests.post(
  File "/root/PycharmProjects/AX-1/venv/lib/python3.10/site-packages/requests/api.py", line 115, in post
    return request("post", url, data=data, json=json, **kwargs)
  File "/root/PycharmProjects/AX-1/venv/lib/python3.10/site-packages/requests/api.py", line 59, in request
    return session.request(method=method, url=url, **kwargs)
  File "/root/PycharmProjects/AX-1/venv/lib/python3.10/site-packages/requests/sessions.py", line 589, in request
    resp = self.send(prep, **send_kwargs)
  File "/root/PycharmProjects/AX-1/venv/lib/python3.10/site-packages/requests/sessions.py", line 703, in send
    r = adapter.send(request, **kwargs)
  File "/root/PycharmProjects/AX-1/venv/lib/python3.10/site-packages/requests/adapters.py", line 677, in send
    raise ConnectionError(e, request=request)
requests.exceptions.ConnectionError: HTTPSConnectionPool(host='127.0.0.1', port=8443): Max retries exceeded with url: /sns (Caused by NewConnectionError('<urllib3.connection.HTTPSConnection object at 0x7f3221e270d0>: Failed to establish a new connection: [Errno 111] Connection refused'))
2025-10-03 22:54:19,808 [INFO] werkzeug: 172.30.1.17 - - [03/Oct/2025 22:54:19] "[35m[1mPOST /api/inject HTTP/1.1[0m" 500 -
2025-10-03 22:54:52,340 [INFO] snd7: [inject] relaying to /sns with headers=text/plain, len=411
2025-10-03 22:54:52,341 [ERROR] snd7: inject error
Traceback (most recent call last):
  File "/root/PycharmProjects/AX-1/venv/lib/python3.10/site-packages/urllib3/connection.py", line 198, in _new_conn
    sock = connection.create_connection(
  File "/root/PycharmProjects/AX-1/venv/lib/python3.10/site-packages/urllib3/util/connection.py", line 85, in create_connection
    raise err
  File "/root/PycharmProjects/AX-1/venv/lib/python3.10/site-packages/urllib3/util/connection.py", line 73, in create_connection
    sock.connect(sa)
ConnectionRefusedError: [Errno 111] Connection refused

The above exception was the direct cause of the following exception:

Traceback (most recent call last):
  File "/root/PycharmProjects/AX-1/venv/lib/python3.10/site-packages/urllib3/connectionpool.py", line 787, in urlopen
    response = self._make_request(
  File "/root/PycharmProjects/AX-1/venv/lib/python3.10/site-packages/urllib3/connectionpool.py", line 488, in _make_request
    raise new_e
  File "/root/PycharmProjects/AX-1/venv/lib/python3.10/site-packages/urllib3/connectionpool.py", line 464, in _make_request
    self._validate_conn(conn)
  File "/root/PycharmProjects/AX-1/venv/lib/python3.10/site-packages/urllib3/connectionpool.py", line 1093, in _validate_conn
    conn.connect()
  File "/root/PycharmProjects/AX-1/venv/lib/python3.10/site-packages/urllib3/connection.py", line 753, in connect
    self.sock = sock = self._new_conn()
  File "/root/PycharmProjects/AX-1/venv/lib/python3.10/site-packages/urllib3/connection.py", line 213, in _new_conn
    raise NewConnectionError(
urllib3.exceptions.NewConnectionError: <urllib3.connection.HTTPSConnection object at 0x7f3221e27df0>: Failed to establish a new connection: [Errno 111] Connection refused

The above exception was the direct cause of the following exception:

Traceback (most recent call last):
  File "/root/PycharmProjects/AX-1/venv/lib/python3.10/site-packages/requests/adapters.py", line 644, in send
    resp = conn.urlopen(
  File "/root/PycharmProjects/AX-1/venv/lib/python3.10/site-packages/urllib3/connectionpool.py", line 841, in urlopen
    retries = retries.increment(
  File "/root/PycharmProjects/AX-1/venv/lib/python3.10/site-packages/urllib3/util/retry.py", line 519, in increment
    raise MaxRetryError(_pool, url, reason) from reason  # type: ignore[arg-type]
urllib3.exceptions.MaxRetryError: HTTPSConnectionPool(host='127.0.0.1', port=8443): Max retries exceeded with url: /sns (Caused by NewConnectionError('<urllib3.connection.HTTPSConnection object at 0x7f3221e27df0>: Failed to establish a new connection: [Errno 111] Connection refused'))

During handling of the above exception, another exception occurred:

Traceback (most recent call last):
  File "/root/PycharmProjects/AX-1/snd7.py", line 665, in api_inject
    r = requests.post(
  File "/root/PycharmProjects/AX-1/venv/lib/python3.10/site-packages/requests/api.py", line 115, in post
    return request("post", url, data=data, json=json, **kwargs)
  File "/root/PycharmProjects/AX-1/venv/lib/python3.10/site-packages/requests/api.py", line 59, in request
    return session.request(method=method, url=url, **kwargs)
  File "/root/PycharmProjects/AX-1/venv/lib/python3.10/site-packages/requests/sessions.py", line 589, in request
    resp = self.send(prep, **send_kwargs)
  File "/root/PycharmProjects/AX-1/venv/lib/python3.10/site-packages/requests/sessions.py", line 703, in send
    r = adapter.send(request, **kwargs)
  File "/root/PycharmProjects/AX-1/venv/lib/python3.10/site-packages/requests/adapters.py", line 677, in send
    raise ConnectionError(e, request=request)
requests.exceptions.ConnectionError: HTTPSConnectionPool(host='127.0.0.1', port=8443): Max retries exceeded with url: /sns (Caused by NewConnectionError('<urllib3.connection.HTTPSConnection object at 0x7f3221e27df0>: Failed to establish a new connection: [Errno 111] Connection refused'))
2025-10-03 22:54:52,341 [INFO] werkzeug: 172.30.1.17 - - [03/Oct/2025 22:54:52] "[35m[1mPOST /api/inject HTTP/1.1[0m" 500 -
2025-10-03 23:04:07,105 [INFO] werkzeug: [31m[1mWARNING: This is a development server. Do not use it in a production deployment. Use a production WSGI server instead.[0m
 * Running on all addresses (0.0.0.0)
 * Running on https://127.0.0.1:8445
 * Running on https://172.30.1.17:8445
2025-10-03 23:04:07,105 [INFO] werkzeug: [33mPress CTRL+C to quit[0m
2025-10-03 23:04:12,793 [INFO] werkzeug: 127.0.0.1 - - [03/Oct/2025 23:04:12] "GET / HTTP/1.1" 200 -
2025-10-03 23:04:12,814 [INFO] werkzeug: 127.0.0.1 - - [03/Oct/2025 23:04:12] "GET /static/img/fires.png HTTP/1.1" 200 -
2025-10-03 23:04:12,816 [INFO] werkzeug: 127.0.0.1 - - [03/Oct/2025 23:04:12] "GET /static/img/sns.png HTTP/1.1" 200 -
2025-10-03 23:04:16,132 [INFO] werkzeug: 127.0.0.1 - - [03/Oct/2025 23:04:16] "GET /inject HTTP/1.1" 200 -
2025-10-03 23:04:17,977 [INFO] werkzeug: 127.0.0.1 - - [03/Oct/2025 23:04:17] "GET /static/icons/fire.png?v=2 HTTP/1.1" 200 -
2025-10-03 23:04:25,614 [INFO] snd7: [inject] relaying to /sns with headers=text/plain, len=411
2025-10-03 23:04:25,618 [ERROR] snd7: inject error
Traceback (most recent call last):
  File "/root/PycharmProjects/AX-1/venv/lib/python3.10/site-packages/urllib3/connection.py", line 198, in _new_conn
    sock = connection.create_connection(
  File "/root/PycharmProjects/AX-1/venv/lib/python3.10/site-packages/urllib3/util/connection.py", line 85, in create_connection
    raise err
  File "/root/PycharmProjects/AX-1/venv/lib/python3.10/site-packages/urllib3/util/connection.py", line 73, in create_connection
    sock.connect(sa)
ConnectionRefusedError: [Errno 111] Connection refused

The above exception was the direct cause of the following exception:

Traceback (most recent call last):
  File "/root/PycharmProjects/AX-1/venv/lib/python3.10/site-packages/urllib3/connectionpool.py", line 787, in urlopen
    response = self._make_request(
  File "/root/PycharmProjects/AX-1/venv/lib/python3.10/site-packages/urllib3/connectionpool.py", line 488, in _make_request
    raise new_e
  File "/root/PycharmProjects/AX-1/venv/lib/python3.10/site-packages/urllib3/connectionpool.py", line 464, in _make_request
    self._validate_conn(conn)
  File "/root/PycharmProjects/AX-1/venv/lib/python3.10/site-packages/urllib3/connectionpool.py", line 1093, in _validate_conn
    conn.connect()
  File "/root/PycharmProjects/AX-1/venv/lib/python3.10/site-packages/urllib3/connection.py", line 753, in connect
    self.sock = sock = self._new_conn()
  File "/root/PycharmProjects/AX-1/venv/lib/python3.10/site-packages/urllib3/connection.py", line 213, in _new_conn
    raise NewConnectionError(
urllib3.exceptions.NewConnectionError: <urllib3.connection.HTTPSConnection object at 0x7ff9e2f12da0>: Failed to establish a new connection: [Errno 111] Connection refused

The above exception was the direct cause of the following exception:

Traceback (most recent call last):
  File "/root/PycharmProjects/AX-1/venv/lib/python3.10/site-packages/requests/adapters.py", line 644, in send
    resp = conn.urlopen(
  File "/root/PycharmProjects/AX-1/venv/lib/python3.10/site-packages/urllib3/connectionpool.py", line 841, in urlopen
    retries = retries.increment(
  File "/root/PycharmProjects/AX-1/venv/lib/python3.10/site-packages/urllib3/util/retry.py", line 519, in increment
    raise MaxRetryError(_pool, url, reason) from reason  # type: ignore[arg-type]
urllib3.exceptions.MaxRetryError: HTTPSConnectionPool(host='127.0.0.1', port=8443): Max retries exceeded with url: /sns (Caused by NewConnectionError('<urllib3.connection.HTTPSConnection object at 0x7ff9e2f12da0>: Failed to establish a new connection: [Errno 111] Connection refused'))

During handling of the above exception, another exception occurred:

Traceback (most recent call last):
  File "/root/PycharmProjects/AX-1/snd7.py", line 666, in api_inject
    r = requests.post(
  File "/root/PycharmProjects/AX-1/venv/lib/python3.10/site-packages/requests/api.py", line 115, in post
    return request("post", url, data=data, json=json, **kwargs)
  File "/root/PycharmProjects/AX-1/venv/lib/python3.10/site-packages/requests/api.py", line 59, in request
    return session.request(method=method, url=url, **kwargs)
  File "/root/PycharmProjects/AX-1/venv/lib/python3.10/site-packages/requests/sessions.py", line 589, in request
    resp = self.send(prep, **send_kwargs)
  File "/root/PycharmProjects/AX-1/venv/lib/python3.10/site-packages/requests/sessions.py", line 703, in send
    r = adapter.send(request, **kwargs)
  File "/root/PycharmProjects/AX-1/venv/lib/python3.10/site-packages/requests/adapters.py", line 677, in send
    raise ConnectionError(e, request=request)
requests.exceptions.ConnectionError: HTTPSConnectionPool(host='127.0.0.1', port=8443): Max retries exceeded with url: /sns (Caused by NewConnectionError('<urllib3.connection.HTTPSConnection object at 0x7ff9e2f12da0>: Failed to establish a new connection: [Errno 111] Connection refused'))
2025-10-03 23:04:25,620 [INFO] werkzeug: 127.0.0.1 - - [03/Oct/2025 23:04:25] "[35m[1mPOST /api/inject HTTP/1.1[0m" 500 -
2025-10-03 23:05:57,698 [INFO] werkzeug: [31m[1mWARNING: This is a development server. Do not use it in a production deployment. Use a production WSGI server instead.[0m
 * Running on all addresses (0.0.0.0)
 * Running on https://127.0.0.1:8445
 * Running on https://172.30.1.17:8445
2025-10-03 23:05:57,698 [INFO] werkzeug: [33mPress CTRL+C to quit[0m
2025-10-03 23:06:04,310 [INFO] werkzeug: 127.0.0.1 - - [03/Oct/2025 23:06:04] "GET /inject HTTP/1.1" 200 -
2025-10-03 23:06:09,353 [INFO] snd7: [inject] relaying to /sns with headers=text/plain, len=394
2025-10-03 23:06:09,359 [ERROR] snd7: Validator missing. Install aws-sns-message-validator or set BYPASS=1 for local test.
2025-10-03 23:06:09,359 [INFO] werkzeug: 127.0.0.1 - - [03/Oct/2025 23:06:09] "[35m[1mPOST /sns HTTP/1.1[0m" 500 -
2025-10-03 23:06:09,370 [INFO] snd7: [inject] /sns responded 500 server not ready
2025-10-03 23:06:09,370 [INFO] werkzeug: 127.0.0.1 - - [03/Oct/2025 23:06:09] "POST /api/inject HTTP/1.1" 200 -
2025-10-03 23:13:17,768 [INFO] werkzeug: [31m[1mWARNING: This is a development server. Do not use it in a production deployment. Use a production WSGI server instead.[0m
 * Running on all addresses (0.0.0.0)
 * Running on https://127.0.0.1:8445
 * Running on https://172.30.1.17:8445
2025-10-03 23:13:17,769 [INFO] werkzeug: [33mPress CTRL+C to quit[0m
2025-10-03 23:13:26,616 [INFO] werkzeug: 172.30.1.17 - - [03/Oct/2025 23:13:26] "GET /inject HTTP/1.1" 200 -
2025-10-03 23:13:28,114 [INFO] werkzeug: 172.30.1.17 - - [03/Oct/2025 23:13:28] "[36mGET /static/icons/fire.png?v=2 HTTP/1.1[0m" 304 -
2025-10-03 23:13:28,885 [INFO] snd7: [inject] relaying to /sns with headers=text/plain, len=411
2025-10-03 23:13:28,889 [ERROR] snd7: inject error
Traceback (most recent call last):
  File "/root/PycharmProjects/AX-1/venv/lib/python3.10/site-packages/urllib3/connection.py", line 198, in _new_conn
    sock = connection.create_connection(
  File "/root/PycharmProjects/AX-1/venv/lib/python3.10/site-packages/urllib3/util/connection.py", line 85, in create_connection
    raise err
  File "/root/PycharmProjects/AX-1/venv/lib/python3.10/site-packages/urllib3/util/connection.py", line 73, in create_connection
    sock.connect(sa)
ConnectionRefusedError: [Errno 111] Connection refused

The above exception was the direct cause of the following exception:

Traceback (most recent call last):
  File "/root/PycharmProjects/AX-1/venv/lib/python3.10/site-packages/urllib3/connectionpool.py", line 787, in urlopen
    response = self._make_request(
  File "/root/PycharmProjects/AX-1/venv/lib/python3.10/site-packages/urllib3/connectionpool.py", line 488, in _make_request
    raise new_e
  File "/root/PycharmProjects/AX-1/venv/lib/python3.10/site-packages/urllib3/connectionpool.py", line 464, in _make_request
    self._validate_conn(conn)
  File "/root/PycharmProjects/AX-1/venv/lib/python3.10/site-packages/urllib3/connectionpool.py", line 1093, in _validate_conn
    conn.connect()
  File "/root/PycharmProjects/AX-1/venv/lib/python3.10/site-packages/urllib3/connection.py", line 753, in connect
    self.sock = sock = self._new_conn()
  File "/root/PycharmProjects/AX-1/venv/lib/python3.10/site-packages/urllib3/connection.py", line 213, in _new_conn
    raise NewConnectionError(
urllib3.exceptions.NewConnectionError: <urllib3.connection.HTTPSConnection object at 0x7f37311530d0>: Failed to establish a new connection: [Errno 111] Connection refused

The above exception was the direct cause of the following exception:

Traceback (most recent call last):
  File "/root/PycharmProjects/AX-1/venv/lib/python3.10/site-packages/requests/adapters.py", line 644, in send
    resp = conn.urlopen(
  File "/root/PycharmProjects/AX-1/venv/lib/python3.10/site-packages/urllib3/connectionpool.py", line 841, in urlopen
    retries = retries.increment(
  File "/root/PycharmProjects/AX-1/venv/lib/python3.10/site-packages/urllib3/util/retry.py", line 519, in increment
    raise MaxRetryError(_pool, url, reason) from reason  # type: ignore[arg-type]
urllib3.exceptions.MaxRetryError: HTTPSConnectionPool(host='127.0.0.1', port=8443): Max retries exceeded with url: /sns (Caused by NewConnectionError('<urllib3.connection.HTTPSConnection object at 0x7f37311530d0>: Failed to establish a new connection: [Errno 111] Connection refused'))

During handling of the above exception, another exception occurred:

Traceback (most recent call last):
  File "/root/PycharmProjects/AX-1/snd7.py", line 666, in api_inject
    r = requests.post(
  File "/root/PycharmProjects/AX-1/venv/lib/python3.10/site-packages/requests/api.py", line 115, in post
    return request("post", url, data=data, json=json, **kwargs)
  File "/root/PycharmProjects/AX-1/venv/lib/python3.10/site-packages/requests/api.py", line 59, in request
    return session.request(method=method, url=url, **kwargs)
  File "/root/PycharmProjects/AX-1/venv/lib/python3.10/site-packages/requests/sessions.py", line 589, in request
    resp = self.send(prep, **send_kwargs)
  File "/root/PycharmProjects/AX-1/venv/lib/python3.10/site-packages/requests/sessions.py", line 703, in send
    r = adapter.send(request, **kwargs)
  File "/root/PycharmProjects/AX-1/venv/lib/python3.10/site-packages/requests/adapters.py", line 677, in send
    raise ConnectionError(e, request=request)
requests.exceptions.ConnectionError: HTTPSConnectionPool(host='127.0.0.1', port=8443): Max retries exceeded with url: /sns (Caused by NewConnectionError('<urllib3.connection.HTTPSConnection object at 0x7f37311530d0>: Failed to establish a new connection: [Errno 111] Connection refused'))
2025-10-03 23:13:28,891 [INFO] werkzeug: 172.30.1.17 - - [03/Oct/2025 23:13:28] "[35m[1mPOST /api/inject HTTP/1.1[0m" 500 -
2025-10-03 23:19:09,318 [INFO] werkzeug: [31m[1mWARNING: This is a development server. Do not use it in a production deployment. Use a production WSGI server instead.[0m
 * Running on all addresses (0.0.0.0)
 * Running on https://127.0.0.1:8445
 * Running on https://172.30.1.17:8445
2025-10-03 23:19:09,318 [INFO] werkzeug: [33mPress CTRL+C to quit[0m
2025-10-03 23:19:13,957 [INFO] werkzeug: 172.30.1.17 - - [03/Oct/2025 23:19:13] "GET /inject HTTP/1.1" 200 -
2025-10-03 23:19:15,777 [INFO] werkzeug: 172.30.1.17 - - [03/Oct/2025 23:19:15] "[36mGET /static/icons/fire.png?v=2 HTTP/1.1[0m" 304 -
2025-10-03 23:19:17,703 [INFO] snd7: [inject] relaying to /sns with headers=text/plain, len=411
2025-10-03 23:19:17,711 [INFO] t23: SNS raw body: {"Type":"Notification","MessageId":"msg-123","TopicArn":"arn:aws:sns:us-west-2:123456789012:MyTopic","Message":"{\"DeviceID\":\"demo-01\",\"ActivityType\":1,\"Message\":\"Fire Alert\",\"Timestamp\":\"2012-05-02T00:54:06.655Z\",\"Latitude\":37.228142,\"Longitude\":127.266998}","Timestamp":"2025-09-03T12:00:00.000Z","SignatureVersion":"1","Signature":"FAKE","SigningCertURL":"https://example.com/fake-cert.pem"}
2025-10-03 23:19:17,712 [INFO] t23: SNS headers: {'Host': '127.0.0.1:8443', 'User-Agent': 'python-requests/2.32.5', 'Accept-Encoding': 'gzip, deflate', 'Accept': '*/*', 'Connection': 'keep-alive', 'Content-Type': 'text/plain', 'X-Amz-Sns-Message-Type': 'Notification', 'Content-Length': '411'}
2025-10-03 23:19:17,712 [INFO] t23: 📩 SNS Notification stored
2025-10-03 23:19:17,723 [INFO] snd7: [inject] /sns responded 200 ok
2025-10-03 23:19:17,723 [INFO] werkzeug: 172.30.1.17 - - [03/Oct/2025 23:19:17] "POST /api/inject HTTP/1.1" 200 -
2025-10-03 23:34:43,409 [INFO] snd7: [inject] relaying to /sns with headers=text/plain, len=411
2025-10-03 23:34:43,415 [INFO] t23: SNS raw body: {"Type":"Notification","MessageId":"msg-123","TopicArn":"arn:aws:sns:us-west-2:123456789012:MyTopic","Message":"{\"DeviceID\":\"demo-01\",\"ActivityType\":1,\"Message\":\"Fire Alert\",\"Timestamp\":\"2012-05-02T00:54:06.655Z\",\"Latitude\":37.321028,\"Longitude\":128.822937}","Timestamp":"2025-09-03T12:00:00.000Z","SignatureVersion":"1","Signature":"FAKE","SigningCertURL":"https://example.com/fake-cert.pem"}
2025-10-03 23:34:43,415 [INFO] t23: SNS headers: {'Host': '127.0.0.1:8443', 'User-Agent': 'python-requests/2.32.5', 'Accept-Encoding': 'gzip, deflate', 'Accept': '*/*', 'Connection': 'keep-alive', 'Content-Type': 'text/plain', 'X-Amz-Sns-Message-Type': 'Notification', 'Content-Length': '411'}
2025-10-03 23:34:43,415 [INFO] t23: 📩 SNS Notification stored
2025-10-03 23:34:43,426 [INFO] snd7: [inject] /sns responded 200 ok
2025-10-03 23:34:43,426 [INFO] werkzeug: 172.30.1.17 - - [03/Oct/2025 23:34:43] "POST /api/inject HTTP/1.1" 200 -
2025-10-03 23:35:07,117 [INFO] werkzeug: 172.30.1.17 - - [03/Oct/2025 23:35:07] "GET / HTTP/1.1" 200 -
2025-10-03 23:35:07,145 [INFO] werkzeug: 172.30.1.17 - - [03/Oct/2025 23:35:07] "GET /static/img/sns.png HTTP/1.1" 200 -
2025-10-03 23:35:07,147 [INFO] werkzeug: 172.30.1.17 - - [03/Oct/2025 23:35:07] "GET /static/img/fires.png HTTP/1.1" 200 -
2025-10-03 23:44:25,276 [INFO] werkzeug: [31m[1mWARNING: This is a development server. Do not use it in a production deployment. Use a production WSGI server instead.[0m
 * Running on all addresses (0.0.0.0)
 * Running on https://127.0.0.1:8445
 * Running on https://172.30.1.17:8445
2025-10-03 23:44:25,276 [INFO] werkzeug: [33mPress CTRL+C to quit[0m
2025-10-03 23:44:57,364 [INFO] werkzeug: 172.30.1.17 - - [03/Oct/2025 23:44:57] "GET / HTTP/1.1" 200 -
2025-10-03 23:44:57,392 [INFO] werkzeug: 172.30.1.17 - - [03/Oct/2025 23:44:57] "GET /static/img/simulation.jpg HTTP/1.1" 200 -
2025-10-03 23:44:57,394 [INFO] werkzeug: 172.30.1.17 - - [03/Oct/2025 23:44:57] "GET /static/img/sns.png HTTP/1.1" 200 -
2025-10-03 23:45:00,675 [INFO] werkzeug: 172.30.1.17 - - [03/Oct/2025 23:45:00] "GET /inject HTTP/1.1" 200 -
2025-10-04 08:35:43,222 [INFO] werkzeug: 172.30.1.17 - - [04/Oct/2025 08:35:43] "GET /inject HTTP/1.1" 200 -
2025-10-04 08:35:45,534 [INFO] werkzeug: 172.30.1.17 - - [04/Oct/2025 08:35:45] "GET /static/icons/fire.png?v=2 HTTP/1.1" 200 -
2025-10-04 08:35:57,151 [INFO] snd7: [inject] relaying to /sns with headers=text/plain, len=411
2025-10-04 08:35:57,157 [INFO] t23: SNS raw body: {"Type":"Notification","MessageId":"msg-123","TopicArn":"arn:aws:sns:us-west-2:123456789012:MyTopic","Message":"{\"DeviceID\":\"demo-01\",\"ActivityType\":1,\"Message\":\"Fire Alert\",\"Timestamp\":\"2012-05-02T00:54:06.655Z\",\"Latitude\":37.538524,\"Longitude\":126.699702}","Timestamp":"2025-09-03T12:00:00.000Z","SignatureVersion":"1","Signature":"FAKE","SigningCertURL":"https://example.com/fake-cert.pem"}
2025-10-04 08:35:57,157 [INFO] t23: SNS headers: {'Host': '127.0.0.1:8443', 'User-Agent': 'python-requests/2.32.5', 'Accept-Encoding': 'gzip, deflate', 'Accept': '*/*', 'Connection': 'keep-alive', 'Content-Type': 'text/plain', 'X-Amz-Sns-Message-Type': 'Notification', 'Content-Length': '411'}
2025-10-04 08:35:57,158 [INFO] t23: 📩 SNS Notification stored
2025-10-04 08:35:57,168 [INFO] snd7: [inject] /sns responded 200 ok
2025-10-04 08:35:57,169 [INFO] werkzeug: 172.30.1.17 - - [04/Oct/2025 08:35:57] "POST /api/inject HTTP/1.1" 200 -
2025-10-04 08:36:43,536 [INFO] snd7: [inject] relaying to /sns with headers=text/plain, len=411
2025-10-04 08:36:43,539 [INFO] t23: SNS raw body: {"Type":"Notification","MessageId":"msg-123","TopicArn":"arn:aws:sns:us-west-2:123456789012:MyTopic","Message":"{\"DeviceID\":\"demo-01\",\"ActivityType\":1,\"Message\":\"Fire Alert\",\"Timestamp\":\"2012-05-02T00:54:06.655Z\",\"Latitude\":37.397109,\"Longitude\":125.995462}","Timestamp":"2025-09-03T12:00:00.000Z","SignatureVersion":"1","Signature":"FAKE","SigningCertURL":"https://example.com/fake-cert.pem"}
2025-10-04 08:36:43,540 [INFO] t23: SNS headers: {'Host': '127.0.0.1:8443', 'User-Agent': 'python-requests/2.32.5', 'Accept-Encoding': 'gzip, deflate', 'Accept': '*/*', 'Connection': 'keep-alive', 'Content-Type': 'text/plain', 'X-Amz-Sns-Message-Type': 'Notification', 'Content-Length': '411'}
2025-10-04 08:36:43,540 [INFO] t23: 📩 SNS Notification stored
2025-10-04 08:36:43,550 [INFO] snd7: [inject] /sns responded 200 ok
2025-10-04 08:36:43,551 [INFO] werkzeug: 172.30.1.17 - - [04/Oct/2025 08:36:43] "POST /api/inject HTTP/1.1" 200 -
2025-10-04 08:58:38,316 [INFO] werkzeug: [31m[1mWARNING: This is a development server. Do not use it in a production deployment. Use a production WSGI server instead.[0m
 * Running on all addresses (0.0.0.0)
 * Running on https://127.0.0.1:8445
 * Running on https://172.30.1.17:8445
2025-10-04 08:58:38,316 [INFO] werkzeug: [33mPress CTRL+C to quit[0m
2025-10-04 08:58:42,327 [INFO] werkzeug: 172.30.1.17 - - [04/Oct/2025 08:58:42] "GET /inject HTTP/1.1" 200 -
2025-10-04 09:01:17,142 [INFO] werkzeug: [31m[1mWARNING: This is a development server. Do not use it in a production deployment. Use a production WSGI server instead.[0m
 * Running on all addresses (0.0.0.0)
 * Running on https://127.0.0.1:8445
 * Running on https://172.30.1.17:8445
2025-10-04 09:01:17,142 [INFO] werkzeug: [33mPress CTRL+C to quit[0m
2025-10-04 09:01:21,114 [INFO] werkzeug: 172.30.1.17 - - [04/Oct/2025 09:01:21] "GET /inject HTTP/1.1" 200 -
2025-10-04 09:01:38,534 [INFO] werkzeug: 172.30.1.17 - - [04/Oct/2025 09:01:38] "GET /static/icons/fire.png?v=2 HTTP/1.1" 200 -
2025-10-04 09:04:47,729 [INFO] werkzeug: [31m[1mWARNING: This is a development server. Do not use it in a production deployment. Use a production WSGI server instead.[0m
 * Running on all addresses (0.0.0.0)
 * Running on https://127.0.0.1:8445
 * Running on https://172.30.1.17:8445
2025-10-04 09:04:47,730 [INFO] werkzeug: [33mPress CTRL+C to quit[0m
2025-10-04 09:04:50,161 [INFO] werkzeug: 172.30.1.17 - - [04/Oct/2025 09:04:50] "GET /inject HTTP/1.1" 200 -
2025-10-04 09:28:46,291 [INFO] werkzeug: [31m[1mWARNING: This is a development server. Do not use it in a production deployment. Use a production WSGI server instead.[0m
 * Running on all addresses (0.0.0.0)
 * Running on https://127.0.0.1:8445
 * Running on https://172.30.1.17:8445
2025-10-04 09:28:46,291 [INFO] werkzeug: [33mPress CTRL+C to quit[0m
2025-10-04 09:28:49,340 [INFO] werkzeug: 172.30.1.17 - - [04/Oct/2025 09:28:49] "GET /inject HTTP/1.1" 200 -
2025-10-04 09:38:31,873 [INFO] werkzeug: [31m[1mWARNING: This is a development server. Do not use it in a production deployment. Use a production WSGI server instead.[0m
 * Running on all addresses (0.0.0.0)
 * Running on https://127.0.0.1:8445
 * Running on https://172.30.1.17:8445
2025-10-04 09:38:31,873 [INFO] werkzeug: [33mPress CTRL+C to quit[0m
2025-10-04 09:38:36,607 [INFO] werkzeug: 172.30.1.17 - - [04/Oct/2025 09:38:36] "GET /inject HTTP/1.1" 200 -
2025-10-04 09:40:16,826 [INFO] werkzeug: [31m[1mWARNING: This is a development server. Do not use it in a production deployment. Use a production WSGI server instead.[0m
 * Running on all addresses (0.0.0.0)
 * Running on https://127.0.0.1:8445
 * Running on https://172.30.1.17:8445
2025-10-04 09:40:16,827 [INFO] werkzeug: [33mPress CTRL+C to quit[0m
2025-10-04 09:40:21,167 [INFO] werkzeug: 172.30.1.17 - - [04/Oct/2025 09:40:21] "GET /inject HTTP/1.1" 200 -
2025-10-04 09:40:55,852 [INFO] werkzeug: [31m[1mWARNING: This is a development server. Do not use it in a production deployment. Use a production WSGI server instead.[0m
 * Running on all addresses (0.0.0.0)
 * Running on https://127.0.0.1:8445
 * Running on https://172.30.1.17:8445
2025-10-04 09:40:55,852 [INFO] werkzeug: [33mPress CTRL+C to quit[0m
2025-10-04 09:40:59,467 [INFO] werkzeug: 172.30.1.17 - - [04/Oct/2025 09:40:59] "GET /inject HTTP/1.1" 200 -
2025-10-04 09:41:03,131 [INFO] werkzeug: 172.30.1.17 - - [04/Oct/2025 09:41:03] "GET /inject HTTP/1.1" 200 -
2025-10-04 09:41:34,096 [INFO] werkzeug: [31m[1mWARNING: This is a development server. Do not use it in a production deployment. Use a production WSGI server instead.[0m
 * Running on all addresses (0.0.0.0)
 * Running on https://127.0.0.1:8445
 * Running on https://172.30.1.17:8445
2025-10-04 09:41:34,096 [INFO] werkzeug: [33mPress CTRL+C to quit[0m
2025-10-04 09:41:38,133 [INFO] werkzeug: 172.30.1.17 - - [04/Oct/2025 09:41:38] "GET /inject HTTP/1.1" 200 -
2025-10-04 09:41:53,969 [INFO] werkzeug: 172.30.1.17 - - [04/Oct/2025 09:41:53] "GET / HTTP/1.1" 200 -
2025-10-04 09:41:53,997 [INFO] werkzeug: 172.30.1.17 - - [04/Oct/2025 09:41:53] "GET /static/img/sns.png HTTP/1.1" 200 -
2025-10-04 09:41:54,000 [INFO] werkzeug: 172.30.1.17 - - [04/Oct/2025 09:41:54] "GET /static/img/simulation.jpg HTTP/1.1" 200 -
2025-10-04 09:41:59,576 [INFO] werkzeug: 172.30.1.17 - - [04/Oct/2025 09:41:59] "GET /inject HTTP/1.1" 200 -
2025-10-04 09:42:29,735 [INFO] werkzeug: [31m[1mWARNING: This is a development server. Do not use it in a production deployment. Use a production WSGI server instead.[0m
 * Running on all addresses (0.0.0.0)
 * Running on https://127.0.0.1:8445
 * Running on https://172.30.1.17:8445
2025-10-04 09:42:29,735 [INFO] werkzeug: [33mPress CTRL+C to quit[0m
2025-10-04 09:42:32,544 [INFO] werkzeug: 172.30.1.17 - - [04/Oct/2025 09:42:32] "GET /inject HTTP/1.1" 200 -
2025-10-04 09:42:49,534 [INFO] werkzeug: 172.30.1.17 - - [04/Oct/2025 09:42:49] "GET /inject HTTP/1.1" 200 -
2025-10-04 09:43:10,555 [INFO] werkzeug: [31m[1mWARNING: This is a development server. Do not use it in a production deployment. Use a production WSGI server instead.[0m
 * Running on all addresses (0.0.0.0)
 * Running on https://127.0.0.1:8445
 * Running on https://172.30.1.17:8445
2025-10-04 09:43:10,555 [INFO] werkzeug: [33mPress CTRL+C to quit[0m
2025-10-04 09:43:15,048 [INFO] werkzeug: 172.30.1.17 - - [04/Oct/2025 09:43:15] "GET /inject HTTP/1.1" 200 -
2025-10-04 09:43:31,787 [INFO] werkzeug: [31m[1mWARNING: This is a development server. Do not use it in a production deployment. Use a production WSGI server instead.[0m
 * Running on all addresses (0.0.0.0)
 * Running on https://127.0.0.1:8445
 * Running on https://172.30.1.17:8445
2025-10-04 09:43:31,787 [INFO] werkzeug: [33mPress CTRL+C to quit[0m
2025-10-04 09:43:34,704 [INFO] werkzeug: 172.30.1.17 - - [04/Oct/2025 09:43:34] "GET /inject HTTP/1.1" 200 -
2025-10-04 09:45:01,260 [INFO] werkzeug: [31m[1mWARNING: This is a development server. Do not use it in a production deployment. Use a production WSGI server instead.[0m
 * Running on all addresses (0.0.0.0)
 * Running on https://127.0.0.1:8445
 * Running on https://172.30.1.17:8445
2025-10-04 09:45:01,260 [INFO] werkzeug: [33mPress CTRL+C to quit[0m
2025-10-04 09:45:04,969 [INFO] werkzeug: 172.30.1.17 - - [04/Oct/2025 09:45:04] "GET /inject HTTP/1.1" 200 -
2025-10-04 09:47:44,438 [INFO] werkzeug: [31m[1mWARNING: This is a development server. Do not use it in a production deployment. Use a production WSGI server instead.[0m
 * Running on all addresses (0.0.0.0)
 * Running on https://127.0.0.1:8445
 * Running on https://172.30.1.17:8445
2025-10-04 09:47:44,438 [INFO] werkzeug: [33mPress CTRL+C to quit[0m
2025-10-04 09:47:52,788 [INFO] werkzeug: 172.30.1.17 - - [04/Oct/2025 09:47:52] "GET /inject HTTP/1.1" 200 -
2025-10-04 09:48:44,825 [INFO] werkzeug: [31m[1mWARNING: This is a development server. Do not use it in a production deployment. Use a production WSGI server instead.[0m
 * Running on all addresses (0.0.0.0)
 * Running on https://127.0.0.1:8445
 * Running on https://172.30.1.17:8445
2025-10-04 09:48:44,825 [INFO] werkzeug: [33mPress CTRL+C to quit[0m
2025-10-04 09:48:49,420 [INFO] werkzeug: 172.30.1.17 - - [04/Oct/2025 09:48:49] "GET /inject HTTP/1.1" 200 -
2025-10-04 09:49:12,089 [INFO] werkzeug: [31m[1mWARNING: This is a development server. Do not use it in a production deployment. Use a production WSGI server instead.[0m
 * Running on all addresses (0.0.0.0)
 * Running on https://127.0.0.1:8445
 * Running on https://172.30.1.17:8445
2025-10-04 09:49:12,089 [INFO] werkzeug: [33mPress CTRL+C to quit[0m
2025-10-04 09:49:17,781 [INFO] werkzeug: 172.30.1.17 - - [04/Oct/2025 09:49:17] "GET /inject HTTP/1.1" 200 -
2025-10-04 09:50:21,906 [INFO] werkzeug: [31m[1mWARNING: This is a development server. Do not use it in a production deployment. Use a production WSGI server instead.[0m
 * Running on all addresses (0.0.0.0)
 * Running on https://127.0.0.1:8445
 * Running on https://172.30.1.17:8445
2025-10-04 09:50:21,906 [INFO] werkzeug: [33mPress CTRL+C to quit[0m
2025-10-04 09:50:26,380 [INFO] werkzeug: 172.30.1.17 - - [04/Oct/2025 09:50:26] "GET /inject HTTP/1.1" 200 -
2025-10-04 09:50:55,160 [INFO] werkzeug: 172.30.1.17 - - [04/Oct/2025 09:50:55] "GET /map HTTP/1.1" 200 -
2025-10-04 09:50:55,206 [INFO] werkzeug: 172.30.1.17 - - [04/Oct/2025 09:50:55] "GET /api/geo?limit=200 HTTP/1.1" 200 -
2025-10-04 09:51:00,012 [INFO] werkzeug: 172.30.1.17 - - [04/Oct/2025 09:51:00] "GET /health HTTP/1.1" 200 -
2025-10-04 09:51:01,065 [INFO] werkzeug: 172.30.1.17 - - [04/Oct/2025 09:51:01] "GET /api/geo?limit=200 HTTP/1.1" 200 -
2025-10-04 09:51:05,201 [INFO] werkzeug: 172.30.1.17 - - [04/Oct/2025 09:51:05] "GET /api/geo?limit=200 HTTP/1.1" 200 -
2025-10-04 09:51:14,312 [INFO] werkzeug: 172.30.1.17 - - [04/Oct/2025 09:51:14] "GET / HTTP/1.1" 200 -
2025-10-04 09:51:14,336 [INFO] werkzeug: 172.30.1.17 - - [04/Oct/2025 09:51:14] "GET /static/img/simulation.jpg HTTP/1.1" 200 -
2025-10-04 09:51:14,339 [INFO] werkzeug: 172.30.1.17 - - [04/Oct/2025 09:51:14] "GET /static/img/sns.png HTTP/1.1" 200 -
2025-10-04 11:45:32,025 [INFO] werkzeug: 172.30.1.17 - - [04/Oct/2025 11:45:32] "GET / HTTP/1.1" 200 -
2025-10-04 11:45:32,048 [INFO] werkzeug: 172.30.1.17 - - [04/Oct/2025 11:45:32] "GET /static/img/simulation.jpg HTTP/1.1" 200 -
2025-10-04 11:45:32,049 [INFO] werkzeug: 172.30.1.17 - - [04/Oct/2025 11:45:32] "GET /static/img/sns.png HTTP/1.1" 200 -
2025-10-04 11:52:49,346 [INFO] werkzeug: [31m[1mWARNING: This is a development server. Do not use it in a production deployment. Use a production WSGI server instead.[0m
 * Running on all addresses (0.0.0.0)
 * Running on https://127.0.0.1:8445
 * Running on https://172.30.1.17:8445
2025-10-04 11:52:49,346 [INFO] werkzeug: [33mPress CTRL+C to quit[0m
2025-10-04 11:52:54,143 [INFO] werkzeug: 172.30.1.17 - - [04/Oct/2025 11:52:54] "GET /inject HTTP/1.1" 200 -
2025-10-04 11:56:12,547 [INFO] werkzeug: [31m[1mWARNING: This is a development server. Do not use it in a production deployment. Use a production WSGI server instead.[0m
 * Running on all addresses (0.0.0.0)
 * Running on https://127.0.0.1:8445
 * Running on https://172.30.1.17:8445
2025-10-04 11:56:12,547 [INFO] werkzeug: [33mPress CTRL+C to quit[0m
2025-10-04 11:56:16,612 [INFO] werkzeug: 172.30.1.17 - - [04/Oct/2025 11:56:16] "GET /inject HTTP/1.1" 200 -
2025-10-04 11:56:50,774 [INFO] werkzeug: [31m[1mWARNING: This is a development server. Do not use it in a production deployment. Use a production WSGI server instead.[0m
 * Running on all addresses (0.0.0.0)
 * Running on https://127.0.0.1:8445
 * Running on https://172.30.1.17:8445
2025-10-04 11:56:50,774 [INFO] werkzeug: [33mPress CTRL+C to quit[0m
2025-10-04 11:56:51,532 [INFO] werkzeug: 172.30.1.17 - - [04/Oct/2025 11:56:51] "GET /static/icons/fire.png?v=2 HTTP/1.1" 200 -
2025-10-04 11:56:53,374 [INFO] werkzeug: 172.30.1.17 - - [04/Oct/2025 11:56:53] "GET /inject HTTP/1.1" 200 -
2025-10-04 12:02:30,077 [INFO] werkzeug: [31m[1mWARNING: This is a development server. Do not use it in a production deployment. Use a production WSGI server instead.[0m
 * Running on all addresses (0.0.0.0)
 * Running on https://127.0.0.1:8445
 * Running on https://172.30.1.17:8445
2025-10-04 12:02:30,078 [INFO] werkzeug: [33mPress CTRL+C to quit[0m
2025-10-04 12:02:34,135 [INFO] werkzeug: 172.30.1.17 - - [04/Oct/2025 12:02:34] "GET /inject HTTP/1.1" 200 -
2025-10-04 12:02:52,013 [INFO] werkzeug: [31m[1mWARNING: This is a development server. Do not use it in a production deployment. Use a production WSGI server instead.[0m
 * Running on all addresses (0.0.0.0)
 * Running on https://127.0.0.1:8445
 * Running on https://172.30.1.17:8445
2025-10-04 12:02:52,013 [INFO] werkzeug: [33mPress CTRL+C to quit[0m
2025-10-04 12:02:54,332 [INFO] werkzeug: 172.30.1.17 - - [04/Oct/2025 12:02:54] "GET /inject HTTP/1.1" 200 -
2025-10-04 12:06:08,389 [INFO] werkzeug: [31m[1mWARNING: This is a development server. Do not use it in a production deployment. Use a production WSGI server instead.[0m
 * Running on all addresses (0.0.0.0)
 * Running on https://127.0.0.1:8445
 * Running on https://172.30.1.17:8445
2025-10-04 12:06:08,389 [INFO] werkzeug: [33mPress CTRL+C to quit[0m
2025-10-04 12:06:12,477 [INFO] werkzeug: 172.30.1.17 - - [04/Oct/2025 12:06:12] "GET /inject HTTP/1.1" 200 -
2025-10-04 12:06:15,295 [INFO] werkzeug: 172.30.1.17 - - [04/Oct/2025 12:06:15] "GET /inject HTTP/1.1" 200 -
2025-10-04 12:11:04,011 [INFO] werkzeug: 172.30.1.17 - - [04/Oct/2025 12:11:04] "GET / HTTP/1.1" 200 -
2025-10-04 12:11:04,034 [INFO] werkzeug: 172.30.1.17 - - [04/Oct/2025 12:11:04] "GET /static/img/simulation.jpg HTTP/1.1" 200 -
2025-10-04 12:11:04,037 [INFO] werkzeug: 172.30.1.17 - - [04/Oct/2025 12:11:04] "GET /static/img/sns.png HTTP/1.1" 200 -
2025-10-04 12:11:44,457 [INFO] werkzeug: [31m[1mWARNING: This is a development server. Do not use it in a production deployment. Use a production WSGI server instead.[0m
 * Running on all addresses (0.0.0.0)
 * Running on https://127.0.0.1:8445
 * Running on https://172.30.1.17:8445
2025-10-04 12:11:44,457 [INFO] werkzeug: [33mPress CTRL+C to quit[0m
2025-10-04 12:11:48,147 [INFO] werkzeug: 172.30.1.17 - - [04/Oct/2025 12:11:48] "GET /inject HTTP/1.1" 200 -
2025-10-04 12:12:18,463 [INFO] werkzeug: [31m[1mWARNING: This is a development server. Do not use it in a production deployment. Use a production WSGI server instead.[0m
 * Running on all addresses (0.0.0.0)
 * Running on https://127.0.0.1:8445
 * Running on https://172.30.1.17:8445
2025-10-04 12:12:18,463 [INFO] werkzeug: [33mPress CTRL+C to quit[0m
2025-10-04 12:12:21,770 [INFO] werkzeug: 172.30.1.17 - - [04/Oct/2025 12:12:21] "GET /inject HTTP/1.1" 200 -
2025-10-04 12:12:42,844 [INFO] werkzeug: [31m[1mWARNING: This is a development server. Do not use it in a production deployment. Use a production WSGI server instead.[0m
 * Running on all addresses (0.0.0.0)
 * Running on https://127.0.0.1:8445
 * Running on https://172.30.1.17:8445
2025-10-04 12:12:42,844 [INFO] werkzeug: [33mPress CTRL+C to quit[0m
2025-10-04 12:12:45,870 [INFO] werkzeug: 172.30.1.17 - - [04/Oct/2025 12:12:45] "GET /inject HTTP/1.1" 200 -
2025-10-04 12:13:00,221 [INFO] werkzeug: [31m[1mWARNING: This is a development server. Do not use it in a production deployment. Use a production WSGI server instead.[0m
 * Running on all addresses (0.0.0.0)
 * Running on https://127.0.0.1:8445
 * Running on https://172.30.1.17:8445
2025-10-04 12:13:00,221 [INFO] werkzeug: [33mPress CTRL+C to quit[0m
2025-10-04 12:13:03,294 [INFO] werkzeug: 172.30.1.17 - - [04/Oct/2025 12:13:03] "GET /inject HTTP/1.1" 200 -
2025-10-04 12:21:56,703 [INFO] werkzeug: [31m[1mWARNING: This is a development server. Do not use it in a production deployment. Use a production WSGI server instead.[0m
 * Running on all addresses (0.0.0.0)
 * Running on https://127.0.0.1:8445
 * Running on https://172.30.1.17:8445
2025-10-04 12:21:56,703 [INFO] werkzeug: [33mPress CTRL+C to quit[0m
2025-10-04 12:22:00,149 [INFO] werkzeug: 172.30.1.17 - - [04/Oct/2025 12:22:00] "GET /inject HTTP/1.1" 200 -
2025-10-04 12:22:08,969 [INFO] werkzeug: 172.30.1.17 - - [04/Oct/2025 12:22:08] "GET /static/icons/fire.png?v=2 HTTP/1.1" 200 -
2025-10-04 12:22:13,015 [INFO] snd7: [inject] relaying to /sns with headers=text/plain, len=411
2025-10-04 12:22:13,021 [INFO] t23: SNS raw body: {"Type":"Notification","MessageId":"msg-123","TopicArn":"arn:aws:sns:us-west-2:123456789012:MyTopic","Message":"{\"DeviceID\":\"demo-01\",\"ActivityType\":1,\"Message\":\"Fire Alert\",\"Timestamp\":\"2012-05-02T00:54:06.655Z\",\"Latitude\":37.678905,\"Longitude\":126.988065}","Timestamp":"2025-09-03T12:00:00.000Z","SignatureVersion":"1","Signature":"FAKE","SigningCertURL":"https://example.com/fake-cert.pem"}
2025-10-04 12:22:13,022 [INFO] t23: SNS headers: {'Host': '127.0.0.1:8443', 'User-Agent': 'python-requests/2.32.5', 'Accept-Encoding': 'gzip, deflate', 'Accept': '*/*', 'Connection': 'keep-alive', 'Content-Type': 'text/plain', 'X-Amz-Sns-Message-Type': 'Notification', 'Content-Length': '411'}
2025-10-04 12:22:13,022 [INFO] t23: 📩 SNS Notification stored
2025-10-04 12:22:13,032 [INFO] snd7: [inject] /sns responded 200 ok
2025-10-04 12:22:13,033 [INFO] werkzeug: 172.30.1.17 - - [04/Oct/2025 12:22:13] "POST /api/inject HTTP/1.1" 200 -
2025-10-04 12:22:54,451 [INFO] snd7: [inject] relaying to /sns with headers=text/plain, len=411
2025-10-04 12:22:54,456 [INFO] t23: SNS raw body: {"Type":"Notification","MessageId":"msg-123","TopicArn":"arn:aws:sns:us-west-2:123456789012:MyTopic","Message":"{\"DeviceID\":\"demo-01\",\"ActivityType\":1,\"Message\":\"Fire Alert\",\"Timestamp\":\"2012-05-02T00:54:06.655Z\",\"Latitude\":37.902062,\"Longitude\":129.127602}","Timestamp":"2025-09-03T12:00:00.000Z","SignatureVersion":"1","Signature":"FAKE","SigningCertURL":"https://example.com/fake-cert.pem"}
2025-10-04 12:22:54,456 [INFO] t23: SNS headers: {'Host': '127.0.0.1:8443', 'User-Agent': 'python-requests/2.32.5', 'Accept-Encoding': 'gzip, deflate', 'Accept': '*/*', 'Connection': 'keep-alive', 'Content-Type': 'text/plain', 'X-Amz-Sns-Message-Type': 'Notification', 'Content-Length': '411'}
2025-10-04 12:22:54,457 [INFO] t23: 📩 SNS Notification stored
2025-10-04 12:22:54,467 [INFO] snd7: [inject] /sns responded 200 ok
2025-10-04 12:22:54,468 [INFO] werkzeug: 172.30.1.17 - - [04/Oct/2025 12:22:54] "POST /api/inject HTTP/1.1" 200 -
2025-10-04 13:06:05,433 [INFO] werkzeug: 127.0.0.1 - - [04/Oct/2025 13:06:05] "GET /inject HTTP/1.1" 200 -
2025-10-04 18:14:04,164 [ERROR] t24: Exception on /img-map [GET]
Traceback (most recent call last):
  File "/root/PycharmProjects/AX-1/venv/lib/python3.10/site-packages/flask/app.py", line 1511, in wsgi_app
    response = self.full_dispatch_request()
  File "/root/PycharmProjects/AX-1/venv/lib/python3.10/site-packages/flask/app.py", line 920, in full_dispatch_request
    return self.finalize_request(rv)
  File "/root/PycharmProjects/AX-1/venv/lib/python3.10/site-packages/flask/app.py", line 941, in finalize_request
    response = self.process_response(response)
  File "/root/PycharmProjects/AX-1/venv/lib/python3.10/site-packages/flask/app.py", line 1319, in process_response
    response = self.ensure_sync(func)(response)
  File "/root/PycharmProjects/AX-1/t24.py", line 1592, in add_csp
    resp.headers["Content-Security-Policy"] = (
  File "/root/PycharmProjects/AX-1/venv/lib/python3.10/site-packages/werkzeug/datastructures/headers.py", line 483, in __setitem__
    self.set(key, value)
  File "/root/PycharmProjects/AX-1/venv/lib/python3.10/site-packages/werkzeug/datastructures/headers.py", line 393, in set
    value_str = _str_header_value(value)
  File "/root/PycharmProjects/AX-1/venv/lib/python3.10/site-packages/werkzeug/datastructures/headers.py", line 600, in _str_header_value
    raise ValueError("Header values must not contain newline characters.")
ValueError: Header values must not contain newline characters.
2025-10-04 18:14:04,166 [ERROR] t24: Request finalizing failed with an error while handling an error
Traceback (most recent call last):
  File "/root/PycharmProjects/AX-1/venv/lib/python3.10/site-packages/flask/app.py", line 1511, in wsgi_app
    response = self.full_dispatch_request()
  File "/root/PycharmProjects/AX-1/venv/lib/python3.10/site-packages/flask/app.py", line 920, in full_dispatch_request
    return self.finalize_request(rv)
  File "/root/PycharmProjects/AX-1/venv/lib/python3.10/site-packages/flask/app.py", line 941, in finalize_request
    response = self.process_response(response)
  File "/root/PycharmProjects/AX-1/venv/lib/python3.10/site-packages/flask/app.py", line 1319, in process_response
    response = self.ensure_sync(func)(response)
  File "/root/PycharmProjects/AX-1/t24.py", line 1592, in add_csp
    resp.headers["Content-Security-Policy"] = (
  File "/root/PycharmProjects/AX-1/venv/lib/python3.10/site-packages/werkzeug/datastructures/headers.py", line 483, in __setitem__
    self.set(key, value)
  File "/root/PycharmProjects/AX-1/venv/lib/python3.10/site-packages/werkzeug/datastructures/headers.py", line 393, in set
    value_str = _str_header_value(value)
  File "/root/PycharmProjects/AX-1/venv/lib/python3.10/site-packages/werkzeug/datastructures/headers.py", line 600, in _str_header_value
    raise ValueError("Header values must not contain newline characters.")
ValueError: Header values must not contain newline characters.

During handling of the above exception, another exception occurred:

Traceback (most recent call last):
  File "/root/PycharmProjects/AX-1/venv/lib/python3.10/site-packages/flask/app.py", line 941, in finalize_request
    response = self.process_response(response)
  File "/root/PycharmProjects/AX-1/venv/lib/python3.10/site-packages/flask/app.py", line 1319, in process_response
    response = self.ensure_sync(func)(response)
  File "/root/PycharmProjects/AX-1/t24.py", line 1592, in add_csp
    resp.headers["Content-Security-Policy"] = (
  File "/root/PycharmProjects/AX-1/venv/lib/python3.10/site-packages/werkzeug/datastructures/headers.py", line 483, in __setitem__
    self.set(key, value)
  File "/root/PycharmProjects/AX-1/venv/lib/python3.10/site-packages/werkzeug/datastructures/headers.py", line 393, in set
    value_str = _str_header_value(value)
  File "/root/PycharmProjects/AX-1/venv/lib/python3.10/site-packages/werkzeug/datastructures/headers.py", line 600, in _str_header_value
    raise ValueError("Header values must not contain newline characters.")
ValueError: Header values must not contain newline characters.
2025-10-04 18:14:16,298 [ERROR] t24: Exception on /img-map [GET]
Traceback (most recent call last):
  File "/root/PycharmProjects/AX-1/venv/lib/python3.10/site-packages/flask/app.py", line 1511, in wsgi_app
    response = self.full_dispatch_request()
  File "/root/PycharmProjects/AX-1/venv/lib/python3.10/site-packages/flask/app.py", line 920, in full_dispatch_request
    return self.finalize_request(rv)
  File "/root/PycharmProjects/AX-1/venv/lib/python3.10/site-packages/flask/app.py", line 941, in finalize_request
    response = self.process_response(response)
  File "/root/PycharmProjects/AX-1/venv/lib/python3.10/site-packages/flask/app.py", line 1319, in process_response
    response = self.ensure_sync(func)(response)
  File "/root/PycharmProjects/AX-1/t24.py", line 1592, in add_csp
    resp.headers["Content-Security-Policy"] = (
  File "/root/PycharmProjects/AX-1/venv/lib/python3.10/site-packages/werkzeug/datastructures/headers.py", line 483, in __setitem__
    self.set(key, value)
  File "/root/PycharmProjects/AX-1/venv/lib/python3.10/site-packages/werkzeug/datastructures/headers.py", line 393, in set
    value_str = _str_header_value(value)
  File "/root/PycharmProjects/AX-1/venv/lib/python3.10/site-packages/werkzeug/datastructures/headers.py", line 600, in _str_header_value
    raise ValueError("Header values must not contain newline characters.")
ValueError: Header values must not contain newline characters.
2025-10-04 18:14:16,300 [ERROR] t24: Request finalizing failed with an error while handling an error
Traceback (most recent call last):
  File "/root/PycharmProjects/AX-1/venv/lib/python3.10/site-packages/flask/app.py", line 1511, in wsgi_app
    response = self.full_dispatch_request()
  File "/root/PycharmProjects/AX-1/venv/lib/python3.10/site-packages/flask/app.py", line 920, in full_dispatch_request
    return self.finalize_request(rv)
  File "/root/PycharmProjects/AX-1/venv/lib/python3.10/site-packages/flask/app.py", line 941, in finalize_request
    response = self.process_response(response)
  File "/root/PycharmProjects/AX-1/venv/lib/python3.10/site-packages/flask/app.py", line 1319, in process_response
    response = self.ensure_sync(func)(response)
  File "/root/PycharmProjects/AX-1/t24.py", line 1592, in add_csp
    resp.headers["Content-Security-Policy"] = (
  File "/root/PycharmProjects/AX-1/venv/lib/python3.10/site-packages/werkzeug/datastructures/headers.py", line 483, in __setitem__
    self.set(key, value)
  File "/root/PycharmProjects/AX-1/venv/lib/python3.10/site-packages/werkzeug/datastructures/headers.py", line 393, in set
    value_str = _str_header_value(value)
  File "/root/PycharmProjects/AX-1/venv/lib/python3.10/site-packages/werkzeug/datastructures/headers.py", line 600, in _str_header_value
    raise ValueError("Header values must not contain newline characters.")
ValueError: Header values must not contain newline characters.

During handling of the above exception, another exception occurred:

Traceback (most recent call last):
  File "/root/PycharmProjects/AX-1/venv/lib/python3.10/site-packages/flask/app.py", line 941, in finalize_request
    response = self.process_response(response)
  File "/root/PycharmProjects/AX-1/venv/lib/python3.10/site-packages/flask/app.py", line 1319, in process_response
    response = self.ensure_sync(func)(response)
  File "/root/PycharmProjects/AX-1/t24.py", line 1592, in add_csp
    resp.headers["Content-Security-Policy"] = (
  File "/root/PycharmProjects/AX-1/venv/lib/python3.10/site-packages/werkzeug/datastructures/headers.py", line 483, in __setitem__
    self.set(key, value)
  File "/root/PycharmProjects/AX-1/venv/lib/python3.10/site-packages/werkzeug/datastructures/headers.py", line 393, in set
    value_str = _str_header_value(value)
  File "/root/PycharmProjects/AX-1/venv/lib/python3.10/site-packages/werkzeug/datastructures/headers.py", line 600, in _str_header_value
    raise ValueError("Header values must not contain newline characters.")
ValueError: Header values must not contain newline characters.
2025-10-04 18:25:47,135 [INFO] werkzeug: 127.0.0.1 - - [04/Oct/2025 18:25:47] "[33mPOST /img/upload HTTP/1.1[0m" 404 -
2025-10-04 20:17:47,668 [ERROR] t24: Exception on /img-map [GET]
Traceback (most recent call last):
  File "/root/PycharmProjects/AX-1/venv/lib/python3.10/site-packages/flask/app.py", line 1511, in wsgi_app
    response = self.full_dispatch_request()
  File "/root/PycharmProjects/AX-1/venv/lib/python3.10/site-packages/flask/app.py", line 919, in full_dispatch_request
    rv = self.handle_user_exception(e)
  File "/root/PycharmProjects/AX-1/venv/lib/python3.10/site-packages/flask/app.py", line 917, in full_dispatch_request
    rv = self.dispatch_request()
  File "/root/PycharmProjects/AX-1/venv/lib/python3.10/site-packages/flask/app.py", line 902, in dispatch_request
    return self.ensure_sync(self.view_functions[rule.endpoint])(**view_args)  # type: ignore[no-any-return]
  File "/root/PycharmProjects/AX-1/vwmap.py", line 362, in img_map_page
    .replace("__ION_TOKEN__", json.dumps(ION))
NameError: name 'json' is not defined
2025-10-05 08:25:38,186 [ERROR] t24: Exception on /img-map [GET]
Traceback (most recent call last):
  File "/root/PycharmProjects/AX-1/venv/lib/python3.10/site-packages/flask/app.py", line 1511, in wsgi_app
    response = self.full_dispatch_request()
  File "/root/PycharmProjects/AX-1/venv/lib/python3.10/site-packages/flask/app.py", line 920, in full_dispatch_request
    return self.finalize_request(rv)
  File "/root/PycharmProjects/AX-1/venv/lib/python3.10/site-packages/flask/app.py", line 941, in finalize_request
    response = self.process_response(response)
  File "/root/PycharmProjects/AX-1/venv/lib/python3.10/site-packages/flask/app.py", line 1319, in process_response
    response = self.ensure_sync(func)(response)
  File "/root/PycharmProjects/AX-1/t24.py", line 1595, in add_csp
    resp.headers["Content-Security-Policy"] = (
  File "/root/PycharmProjects/AX-1/venv/lib/python3.10/site-packages/werkzeug/datastructures/headers.py", line 483, in __setitem__
    self.set(key, value)
  File "/root/PycharmProjects/AX-1/venv/lib/python3.10/site-packages/werkzeug/datastructures/headers.py", line 393, in set
    value_str = _str_header_value(value)
  File "/root/PycharmProjects/AX-1/venv/lib/python3.10/site-packages/werkzeug/datastructures/headers.py", line 600, in _str_header_value
    raise ValueError("Header values must not contain newline characters.")
ValueError: Header values must not contain newline characters.
2025-10-05 08:25:38,187 [ERROR] t24: Request finalizing failed with an error while handling an error
Traceback (most recent call last):
  File "/root/PycharmProjects/AX-1/venv/lib/python3.10/site-packages/flask/app.py", line 1511, in wsgi_app
    response = self.full_dispatch_request()
  File "/root/PycharmProjects/AX-1/venv/lib/python3.10/site-packages/flask/app.py", line 920, in full_dispatch_request
    return self.finalize_request(rv)
  File "/root/PycharmProjects/AX-1/venv/lib/python3.10/site-packages/flask/app.py", line 941, in finalize_request
    response = self.process_response(response)
  File "/root/PycharmProjects/AX-1/venv/lib/python3.10/site-packages/flask/app.py", line 1319, in process_response
    response = self.ensure_sync(func)(response)
  File "/root/PycharmProjects/AX-1/t24.py", line 1595, in add_csp
    resp.headers["Content-Security-Policy"] = (
  File "/root/PycharmProjects/AX-1/venv/lib/python3.10/site-packages/werkzeug/datastructures/headers.py", line 483, in __setitem__
    self.set(key, value)
  File "/root/PycharmProjects/AX-1/venv/lib/python3.10/site-packages/werkzeug/datastructures/headers.py", line 393, in set
    value_str = _str_header_value(value)
  File "/root/PycharmProjects/AX-1/venv/lib/python3.10/site-packages/werkzeug/datastructures/headers.py", line 600, in _str_header_value
    raise ValueError("Header values must not contain newline characters.")
ValueError: Header values must not contain newline characters.

During handling of the above exception, another exception occurred:

Traceback (most recent call last):
  File "/root/PycharmProjects/AX-1/venv/lib/python3.10/site-packages/flask/app.py", line 941, in finalize_request
    response = self.process_response(response)
  File "/root/PycharmProjects/AX-1/venv/lib/python3.10/site-packages/flask/app.py", line 1319, in process_response
    response = self.ensure_sync(func)(response)
  File "/root/PycharmProjects/AX-1/t24.py", line 1595, in add_csp
    resp.headers["Content-Security-Policy"] = (
  File "/root/PycharmProjects/AX-1/venv/lib/python3.10/site-packages/werkzeug/datastructures/headers.py", line 483, in __setitem__
    self.set(key, value)
  File "/root/PycharmProjects/AX-1/venv/lib/python3.10/site-packages/werkzeug/datastructures/headers.py", line 393, in set
    value_str = _str_header_value(value)
  File "/root/PycharmProjects/AX-1/venv/lib/python3.10/site-packages/werkzeug/datastructures/headers.py", line 600, in _str_header_value
    raise ValueError("Header values must not contain newline characters.")
ValueError: Header values must not contain newline characters.
2025-10-05 08:25:53,790 [ERROR] t24: Exception on /img-map [GET]
Traceback (most recent call last):
  File "/root/PycharmProjects/AX-1/venv/lib/python3.10/site-packages/flask/app.py", line 1511, in wsgi_app
    response = self.full_dispatch_request()
  File "/root/PycharmProjects/AX-1/venv/lib/python3.10/site-packages/flask/app.py", line 920, in full_dispatch_request
    return self.finalize_request(rv)
  File "/root/PycharmProjects/AX-1/venv/lib/python3.10/site-packages/flask/app.py", line 941, in finalize_request
    response = self.process_response(response)
  File "/root/PycharmProjects/AX-1/venv/lib/python3.10/site-packages/flask/app.py", line 1319, in process_response
    response = self.ensure_sync(func)(response)
  File "/root/PycharmProjects/AX-1/t24.py", line 1595, in add_csp
    resp.headers["Content-Security-Policy"] = (
  File "/root/PycharmProjects/AX-1/venv/lib/python3.10/site-packages/werkzeug/datastructures/headers.py", line 483, in __setitem__
    self.set(key, value)
  File "/root/PycharmProjects/AX-1/venv/lib/python3.10/site-packages/werkzeug/datastructures/headers.py", line 393, in set
    value_str = _str_header_value(value)
  File "/root/PycharmProjects/AX-1/venv/lib/python3.10/site-packages/werkzeug/datastructures/headers.py", line 600, in _str_header_value
    raise ValueError("Header values must not contain newline characters.")
ValueError: Header values must not contain newline characters.
2025-10-05 08:25:53,790 [ERROR] t24: Request finalizing failed with an error while handling an error
Traceback (most recent call last):
  File "/root/PycharmProjects/AX-1/venv/lib/python3.10/site-packages/flask/app.py", line 1511, in wsgi_app
    response = self.full_dispatch_request()
  File "/root/PycharmProjects/AX-1/venv/lib/python3.10/site-packages/flask/app.py", line 920, in full_dispatch_request
    return self.finalize_request(rv)
  File "/root/PycharmProjects/AX-1/venv/lib/python3.10/site-packages/flask/app.py", line 941, in finalize_request
    response = self.process_response(response)
  File "/root/PycharmProjects/AX-1/venv/lib/python3.10/site-packages/flask/app.py", line 1319, in process_response
    response = self.ensure_sync(func)(response)
  File "/root/PycharmProjects/AX-1/t24.py", line 1595, in add_csp
    resp.headers["Content-Security-Policy"] = (
  File "/root/PycharmProjects/AX-1/venv/lib/python3.10/site-packages/werkzeug/datastructures/headers.py", line 483, in __setitem__
    self.set(key, value)
  File "/root/PycharmProjects/AX-1/venv/lib/python3.10/site-packages/werkzeug/datastructures/headers.py", line 393, in set
    value_str = _str_header_value(value)
  File "/root/PycharmProjects/AX-1/venv/lib/python3.10/site-packages/werkzeug/datastructures/headers.py", line 600, in _str_header_value
    raise ValueError("Header values must not contain newline characters.")
ValueError: Header values must not contain newline characters.

During handling of the above exception, another exception occurred:

Traceback (most recent call last):
  File "/root/PycharmProjects/AX-1/venv/lib/python3.10/site-packages/flask/app.py", line 941, in finalize_request
    response = self.process_response(response)
  File "/root/PycharmProjects/AX-1/venv/lib/python3.10/site-packages/flask/app.py", line 1319, in process_response
    response = self.ensure_sync(func)(response)
  File "/root/PycharmProjects/AX-1/t24.py", line 1595, in add_csp
    resp.headers["Content-Security-Policy"] = (
  File "/root/PycharmProjects/AX-1/venv/lib/python3.10/site-packages/werkzeug/datastructures/headers.py", line 483, in __setitem__
    self.set(key, value)
  File "/root/PycharmProjects/AX-1/venv/lib/python3.10/site-packages/werkzeug/datastructures/headers.py", line 393, in set
    value_str = _str_header_value(value)
  File "/root/PycharmProjects/AX-1/venv/lib/python3.10/site-packages/werkzeug/datastructures/headers.py", line 600, in _str_header_value
    raise ValueError("Header values must not contain newline characters.")
ValueError: Header values must not contain newline characters.
2025-10-05 08:30:06,996 [ERROR] t24: Exception on /img-map [GET]
Traceback (most recent call last):
  File "/root/PycharmProjects/AX-1/venv/lib/python3.10/site-packages/flask/app.py", line 1511, in wsgi_app
    response = self.full_dispatch_request()
  File "/root/PycharmProjects/AX-1/venv/lib/python3.10/site-packages/flask/app.py", line 920, in full_dispatch_request
    return self.finalize_request(rv)
  File "/root/PycharmProjects/AX-1/venv/lib/python3.10/site-packages/flask/app.py", line 941, in finalize_request
    response = self.process_response(response)
  File "/root/PycharmProjects/AX-1/venv/lib/python3.10/site-packages/flask/app.py", line 1319, in process_response
    response = self.ensure_sync(func)(response)
  File "/root/PycharmProjects/AX-1/t24.py", line 1595, in add_csp
    resp.headers["Content-Security-Policy"] = (
  File "/root/PycharmProjects/AX-1/venv/lib/python3.10/site-packages/werkzeug/datastructures/headers.py", line 483, in __setitem__
    self.set(key, value)
  File "/root/PycharmProjects/AX-1/venv/lib/python3.10/site-packages/werkzeug/datastructures/headers.py", line 393, in set
    value_str = _str_header_value(value)
  File "/root/PycharmProjects/AX-1/venv/lib/python3.10/site-packages/werkzeug/datastructures/headers.py", line 600, in _str_header_value
    raise ValueError("Header values must not contain newline characters.")
ValueError: Header values must not contain newline characters.
2025-10-05 08:30:06,997 [ERROR] t24: Request finalizing failed with an error while handling an error
Traceback (most recent call last):
  File "/root/PycharmProjects/AX-1/venv/lib/python3.10/site-packages/flask/app.py", line 1511, in wsgi_app
    response = self.full_dispatch_request()
  File "/root/PycharmProjects/AX-1/venv/lib/python3.10/site-packages/flask/app.py", line 920, in full_dispatch_request
    return self.finalize_request(rv)
  File "/root/PycharmProjects/AX-1/venv/lib/python3.10/site-packages/flask/app.py", line 941, in finalize_request
    response = self.process_response(response)
  File "/root/PycharmProjects/AX-1/venv/lib/python3.10/site-packages/flask/app.py", line 1319, in process_response
    response = self.ensure_sync(func)(response)
  File "/root/PycharmProjects/AX-1/t24.py", line 1595, in add_csp
    resp.headers["Content-Security-Policy"] = (
  File "/root/PycharmProjects/AX-1/venv/lib/python3.10/site-packages/werkzeug/datastructures/headers.py", line 483, in __setitem__
    self.set(key, value)
  File "/root/PycharmProjects/AX-1/venv/lib/python3.10/site-packages/werkzeug/datastructures/headers.py", line 393, in set
    value_str = _str_header_value(value)
  File "/root/PycharmProjects/AX-1/venv/lib/python3.10/site-packages/werkzeug/datastructures/headers.py", line 600, in _str_header_value
    raise ValueError("Header values must not contain newline characters.")
ValueError: Header values must not contain newline characters.

During handling of the above exception, another exception occurred:

Traceback (most recent call last):
  File "/root/PycharmProjects/AX-1/venv/lib/python3.10/site-packages/flask/app.py", line 941, in finalize_request
    response = self.process_response(response)
  File "/root/PycharmProjects/AX-1/venv/lib/python3.10/site-packages/flask/app.py", line 1319, in process_response
    response = self.ensure_sync(func)(response)
  File "/root/PycharmProjects/AX-1/t24.py", line 1595, in add_csp
    resp.headers["Content-Security-Policy"] = (
  File "/root/PycharmProjects/AX-1/venv/lib/python3.10/site-packages/werkzeug/datastructures/headers.py", line 483, in __setitem__
    self.set(key, value)
  File "/root/PycharmProjects/AX-1/venv/lib/python3.10/site-packages/werkzeug/datastructures/headers.py", line 393, in set
    value_str = _str_header_value(value)
  File "/root/PycharmProjects/AX-1/venv/lib/python3.10/site-packages/werkzeug/datastructures/headers.py", line 600, in _str_header_value
    raise ValueError("Header values must not contain newline characters.")
ValueError: Header values must not contain newline characters.
2025-10-05 08:30:13,451 [ERROR] t24: Exception on /img-map [GET]
Traceback (most recent call last):
  File "/root/PycharmProjects/AX-1/venv/lib/python3.10/site-packages/flask/app.py", line 1511, in wsgi_app
    response = self.full_dispatch_request()
  File "/root/PycharmProjects/AX-1/venv/lib/python3.10/site-packages/flask/app.py", line 920, in full_dispatch_request
    return self.finalize_request(rv)
  File "/root/PycharmProjects/AX-1/venv/lib/python3.10/site-packages/flask/app.py", line 941, in finalize_request
    response = self.process_response(response)
  File "/root/PycharmProjects/AX-1/venv/lib/python3.10/site-packages/flask/app.py", line 1319, in process_response
    response = self.ensure_sync(func)(response)
  File "/root/PycharmProjects/AX-1/t24.py", line 1595, in add_csp
    resp.headers["Content-Security-Policy"] = (
  File "/root/PycharmProjects/AX-1/venv/lib/python3.10/site-packages/werkzeug/datastructures/headers.py", line 483, in __setitem__
    self.set(key, value)
  File "/root/PycharmProjects/AX-1/venv/lib/python3.10/site-packages/werkzeug/datastructures/headers.py", line 393, in set
    value_str = _str_header_value(value)
  File "/root/PycharmProjects/AX-1/venv/lib/python3.10/site-packages/werkzeug/datastructures/headers.py", line 600, in _str_header_value
    raise ValueError("Header values must not contain newline characters.")
ValueError: Header values must not contain newline characters.
2025-10-05 08:30:13,452 [ERROR] t24: Request finalizing failed with an error while handling an error
Traceback (most recent call last):
  File "/root/PycharmProjects/AX-1/venv/lib/python3.10/site-packages/flask/app.py", line 1511, in wsgi_app
    response = self.full_dispatch_request()
  File "/root/PycharmProjects/AX-1/venv/lib/python3.10/site-packages/flask/app.py", line 920, in full_dispatch_request
    return self.finalize_request(rv)
  File "/root/PycharmProjects/AX-1/venv/lib/python3.10/site-packages/flask/app.py", line 941, in finalize_request
    response = self.process_response(response)
  File "/root/PycharmProjects/AX-1/venv/lib/python3.10/site-packages/flask/app.py", line 1319, in process_response
    response = self.ensure_sync(func)(response)
  File "/root/PycharmProjects/AX-1/t24.py", line 1595, in add_csp
    resp.headers["Content-Security-Policy"] = (
  File "/root/PycharmProjects/AX-1/venv/lib/python3.10/site-packages/werkzeug/datastructures/headers.py", line 483, in __setitem__
    self.set(key, value)
  File "/root/PycharmProjects/AX-1/venv/lib/python3.10/site-packages/werkzeug/datastructures/headers.py", line 393, in set
    value_str = _str_header_value(value)
  File "/root/PycharmProjects/AX-1/venv/lib/python3.10/site-packages/werkzeug/datastructures/headers.py", line 600, in _str_header_value
    raise ValueError("Header values must not contain newline characters.")
ValueError: Header values must not contain newline characters.

During handling of the above exception, another exception occurred:

Traceback (most recent call last):
  File "/root/PycharmProjects/AX-1/venv/lib/python3.10/site-packages/flask/app.py", line 941, in finalize_request
    response = self.process_response(response)
  File "/root/PycharmProjects/AX-1/venv/lib/python3.10/site-packages/flask/app.py", line 1319, in process_response
    response = self.ensure_sync(func)(response)
  File "/root/PycharmProjects/AX-1/t24.py", line 1595, in add_csp
    resp.headers["Content-Security-Policy"] = (
  File "/root/PycharmProjects/AX-1/venv/lib/python3.10/site-packages/werkzeug/datastructures/headers.py", line 483, in __setitem__
    self.set(key, value)
  File "/root/PycharmProjects/AX-1/venv/lib/python3.10/site-packages/werkzeug/datastructures/headers.py", line 393, in set
    value_str = _str_header_value(value)
  File "/root/PycharmProjects/AX-1/venv/lib/python3.10/site-packages/werkzeug/datastructures/headers.py", line 600, in _str_header_value
    raise ValueError("Header values must not contain newline characters.")
ValueError: Header values must not contain newline characters.
2025-10-05 08:31:34,190 [ERROR] t24: Exception on /img-map [GET]
Traceback (most recent call last):
  File "/root/PycharmProjects/AX-1/venv/lib/python3.10/site-packages/flask/app.py", line 1511, in wsgi_app
    response = self.full_dispatch_request()
  File "/root/PycharmProjects/AX-1/venv/lib/python3.10/site-packages/flask/app.py", line 920, in full_dispatch_request
    return self.finalize_request(rv)
  File "/root/PycharmProjects/AX-1/venv/lib/python3.10/site-packages/flask/app.py", line 941, in finalize_request
    response = self.process_response(response)
  File "/root/PycharmProjects/AX-1/venv/lib/python3.10/site-packages/flask/app.py", line 1319, in process_response
    response = self.ensure_sync(func)(response)
  File "/root/PycharmProjects/AX-1/t24.py", line 1595, in add_csp
    resp.headers["Content-Security-Policy"] = (
  File "/root/PycharmProjects/AX-1/venv/lib/python3.10/site-packages/werkzeug/datastructures/headers.py", line 483, in __setitem__
    self.set(key, value)
  File "/root/PycharmProjects/AX-1/venv/lib/python3.10/site-packages/werkzeug/datastructures/headers.py", line 393, in set
    value_str = _str_header_value(value)
  File "/root/PycharmProjects/AX-1/venv/lib/python3.10/site-packages/werkzeug/datastructures/headers.py", line 600, in _str_header_value
    raise ValueError("Header values must not contain newline characters.")
ValueError: Header values must not contain newline characters.
2025-10-05 08:31:34,192 [ERROR] t24: Request finalizing failed with an error while handling an error
Traceback (most recent call last):
  File "/root/PycharmProjects/AX-1/venv/lib/python3.10/site-packages/flask/app.py", line 1511, in wsgi_app
    response = self.full_dispatch_request()
  File "/root/PycharmProjects/AX-1/venv/lib/python3.10/site-packages/flask/app.py", line 920, in full_dispatch_request
    return self.finalize_request(rv)
  File "/root/PycharmProjects/AX-1/venv/lib/python3.10/site-packages/flask/app.py", line 941, in finalize_request
    response = self.process_response(response)
  File "/root/PycharmProjects/AX-1/venv/lib/python3.10/site-packages/flask/app.py", line 1319, in process_response
    response = self.ensure_sync(func)(response)
  File "/root/PycharmProjects/AX-1/t24.py", line 1595, in add_csp
    resp.headers["Content-Security-Policy"] = (
  File "/root/PycharmProjects/AX-1/venv/lib/python3.10/site-packages/werkzeug/datastructures/headers.py", line 483, in __setitem__
    self.set(key, value)
  File "/root/PycharmProjects/AX-1/venv/lib/python3.10/site-packages/werkzeug/datastructures/headers.py", line 393, in set
    value_str = _str_header_value(value)
  File "/root/PycharmProjects/AX-1/venv/lib/python3.10/site-packages/werkzeug/datastructures/headers.py", line 600, in _str_header_value
    raise ValueError("Header values must not contain newline characters.")
ValueError: Header values must not contain newline characters.

During handling of the above exception, another exception occurred:

Traceback (most recent call last):
  File "/root/PycharmProjects/AX-1/venv/lib/python3.10/site-packages/flask/app.py", line 941, in finalize_request
    response = self.process_response(response)
  File "/root/PycharmProjects/AX-1/venv/lib/python3.10/site-packages/flask/app.py", line 1319, in process_response
    response = self.ensure_sync(func)(response)
  File "/root/PycharmProjects/AX-1/t24.py", line 1595, in add_csp
    resp.headers["Content-Security-Policy"] = (
  File "/root/PycharmProjects/AX-1/venv/lib/python3.10/site-packages/werkzeug/datastructures/headers.py", line 483, in __setitem__
    self.set(key, value)
  File "/root/PycharmProjects/AX-1/venv/lib/python3.10/site-packages/werkzeug/datastructures/headers.py", line 393, in set
    value_str = _str_header_value(value)
  File "/root/PycharmProjects/AX-1/venv/lib/python3.10/site-packages/werkzeug/datastructures/headers.py", line 600, in _str_header_value
    raise ValueError("Header values must not contain newline characters.")
ValueError: Header values must not contain newline characters.
2025-10-05 08:33:40,856 [ERROR] t24: Exception on /img-map [GET]
Traceback (most recent call last):
  File "/root/PycharmProjects/AX-1/venv/lib/python3.10/site-packages/flask/app.py", line 1511, in wsgi_app
    response = self.full_dispatch_request()
  File "/root/PycharmProjects/AX-1/venv/lib/python3.10/site-packages/flask/app.py", line 920, in full_dispatch_request
    return self.finalize_request(rv)
  File "/root/PycharmProjects/AX-1/venv/lib/python3.10/site-packages/flask/app.py", line 941, in finalize_request
    response = self.process_response(response)
  File "/root/PycharmProjects/AX-1/venv/lib/python3.10/site-packages/flask/app.py", line 1319, in process_response
    response = self.ensure_sync(func)(response)
  File "/root/PycharmProjects/AX-1/t24.py", line 1595, in add_csp
    resp.headers["Content-Security-Policy"] = (
  File "/root/PycharmProjects/AX-1/venv/lib/python3.10/site-packages/werkzeug/datastructures/headers.py", line 483, in __setitem__
    self.set(key, value)
  File "/root/PycharmProjects/AX-1/venv/lib/python3.10/site-packages/werkzeug/datastructures/headers.py", line 393, in set
    value_str = _str_header_value(value)
  File "/root/PycharmProjects/AX-1/venv/lib/python3.10/site-packages/werkzeug/datastructures/headers.py", line 600, in _str_header_value
    raise ValueError("Header values must not contain newline characters.")
ValueError: Header values must not contain newline characters.
2025-10-05 08:33:40,860 [ERROR] t24: Request finalizing failed with an error while handling an error
Traceback (most recent call last):
  File "/root/PycharmProjects/AX-1/venv/lib/python3.10/site-packages/flask/app.py", line 1511, in wsgi_app
    response = self.full_dispatch_request()
  File "/root/PycharmProjects/AX-1/venv/lib/python3.10/site-packages/flask/app.py", line 920, in full_dispatch_request
    return self.finalize_request(rv)
  File "/root/PycharmProjects/AX-1/venv/lib/python3.10/site-packages/flask/app.py", line 941, in finalize_request
    response = self.process_response(response)
  File "/root/PycharmProjects/AX-1/venv/lib/python3.10/site-packages/flask/app.py", line 1319, in process_response
    response = self.ensure_sync(func)(response)
  File "/root/PycharmProjects/AX-1/t24.py", line 1595, in add_csp
    resp.headers["Content-Security-Policy"] = (
  File "/root/PycharmProjects/AX-1/venv/lib/python3.10/site-packages/werkzeug/datastructures/headers.py", line 483, in __setitem__
    self.set(key, value)
  File "/root/PycharmProjects/AX-1/venv/lib/python3.10/site-packages/werkzeug/datastructures/headers.py", line 393, in set
    value_str = _str_header_value(value)
  File "/root/PycharmProjects/AX-1/venv/lib/python3.10/site-packages/werkzeug/datastructures/headers.py", line 600, in _str_header_value
    raise ValueError("Header values must not contain newline characters.")
ValueError: Header values must not contain newline characters.

During handling of the above exception, another exception occurred:

Traceback (most recent call last):
  File "/root/PycharmProjects/AX-1/venv/lib/python3.10/site-packages/flask/app.py", line 941, in finalize_request
    response = self.process_response(response)
  File "/root/PycharmProjects/AX-1/venv/lib/python3.10/site-packages/flask/app.py", line 1319, in process_response
    response = self.ensure_sync(func)(response)
  File "/root/PycharmProjects/AX-1/t24.py", line 1595, in add_csp
    resp.headers["Content-Security-Policy"] = (
  File "/root/PycharmProjects/AX-1/venv/lib/python3.10/site-packages/werkzeug/datastructures/headers.py", line 483, in __setitem__
    self.set(key, value)
  File "/root/PycharmProjects/AX-1/venv/lib/python3.10/site-packages/werkzeug/datastructures/headers.py", line 393, in set
    value_str = _str_header_value(value)
  File "/root/PycharmProjects/AX-1/venv/lib/python3.10/site-packages/werkzeug/datastructures/headers.py", line 600, in _str_header_value
    raise ValueError("Header values must not contain newline characters.")
ValueError: Header values must not contain newline characters.
2025-10-05 08:38:22,815 [ERROR] t24: Exception on /img-map [GET]
Traceback (most recent call last):
  File "/root/PycharmProjects/AX-1/venv/lib/python3.10/site-packages/flask/app.py", line 1511, in wsgi_app
    response = self.full_dispatch_request()
  File "/root/PycharmProjects/AX-1/venv/lib/python3.10/site-packages/flask/app.py", line 920, in full_dispatch_request
    return self.finalize_request(rv)
  File "/root/PycharmProjects/AX-1/venv/lib/python3.10/site-packages/flask/app.py", line 941, in finalize_request
    response = self.process_response(response)
  File "/root/PycharmProjects/AX-1/venv/lib/python3.10/site-packages/flask/app.py", line 1319, in process_response
    response = self.ensure_sync(func)(response)
  File "/root/PycharmProjects/AX-1/t24.py", line 1595, in add_csp
    resp.headers["Content-Security-Policy"] = (
  File "/root/PycharmProjects/AX-1/venv/lib/python3.10/site-packages/werkzeug/datastructures/headers.py", line 483, in __setitem__
    self.set(key, value)
  File "/root/PycharmProjects/AX-1/venv/lib/python3.10/site-packages/werkzeug/datastructures/headers.py", line 393, in set
    value_str = _str_header_value(value)
  File "/root/PycharmProjects/AX-1/venv/lib/python3.10/site-packages/werkzeug/datastructures/headers.py", line 600, in _str_header_value
    raise ValueError("Header values must not contain newline characters.")
ValueError: Header values must not contain newline characters.
2025-10-05 08:38:22,820 [ERROR] t24: Request finalizing failed with an error while handling an error
Traceback (most recent call last):
  File "/root/PycharmProjects/AX-1/venv/lib/python3.10/site-packages/flask/app.py", line 1511, in wsgi_app
    response = self.full_dispatch_request()
  File "/root/PycharmProjects/AX-1/venv/lib/python3.10/site-packages/flask/app.py", line 920, in full_dispatch_request
    return self.finalize_request(rv)
  File "/root/PycharmProjects/AX-1/venv/lib/python3.10/site-packages/flask/app.py", line 941, in finalize_request
    response = self.process_response(response)
  File "/root/PycharmProjects/AX-1/venv/lib/python3.10/site-packages/flask/app.py", line 1319, in process_response
    response = self.ensure_sync(func)(response)
  File "/root/PycharmProjects/AX-1/t24.py", line 1595, in add_csp
    resp.headers["Content-Security-Policy"] = (
  File "/root/PycharmProjects/AX-1/venv/lib/python3.10/site-packages/werkzeug/datastructures/headers.py", line 483, in __setitem__
    self.set(key, value)
  File "/root/PycharmProjects/AX-1/venv/lib/python3.10/site-packages/werkzeug/datastructures/headers.py", line 393, in set
    value_str = _str_header_value(value)
  File "/root/PycharmProjects/AX-1/venv/lib/python3.10/site-packages/werkzeug/datastructures/headers.py", line 600, in _str_header_value
    raise ValueError("Header values must not contain newline characters.")
ValueError: Header values must not contain newline characters.

During handling of the above exception, another exception occurred:

Traceback (most recent call last):
  File "/root/PycharmProjects/AX-1/venv/lib/python3.10/site-packages/flask/app.py", line 941, in finalize_request
    response = self.process_response(response)
  File "/root/PycharmProjects/AX-1/venv/lib/python3.10/site-packages/flask/app.py", line 1319, in process_response
    response = self.ensure_sync(func)(response)
  File "/root/PycharmProjects/AX-1/t24.py", line 1595, in add_csp
    resp.headers["Content-Security-Policy"] = (
  File "/root/PycharmProjects/AX-1/venv/lib/python3.10/site-packages/werkzeug/datastructures/headers.py", line 483, in __setitem__
    self.set(key, value)
  File "/root/PycharmProjects/AX-1/venv/lib/python3.10/site-packages/werkzeug/datastructures/headers.py", line 393, in set
    value_str = _str_header_value(value)
  File "/root/PycharmProjects/AX-1/venv/lib/python3.10/site-packages/werkzeug/datastructures/headers.py", line 600, in _str_header_value
    raise ValueError("Header values must not contain newline characters.")
ValueError: Header values must not contain newline characters.
2025-10-06 16:45:29,390 [INFO] werkzeug: [31m[1mWARNING: This is a development server. Do not use it in a production deployment. Use a production WSGI server instead.[0m
 * Running on all addresses (0.0.0.0)
 * Running on https://127.0.0.1:8445
 * Running on https://172.30.1.17:8445
2025-10-06 16:45:29,390 [INFO] werkzeug: [33mPress CTRL+C to quit[0m
2025-10-06 16:45:32,316 [INFO] werkzeug: 172.30.1.17 - - [06/Oct/2025 16:45:32] "GET / HTTP/1.1" 200 -
2025-10-06 16:45:32,343 [INFO] werkzeug: 172.30.1.17 - - [06/Oct/2025 16:45:32] "GET /static/img/simulation.jpg HTTP/1.1" 200 -
2025-10-06 16:45:32,344 [INFO] werkzeug: 172.30.1.17 - - [06/Oct/2025 16:45:32] "GET /static/img/sns.png HTTP/1.1" 200 -
2025-10-06 19:34:49,752 [INFO] werkzeug: 127.0.0.1 - - [06/Oct/2025 19:34:49] "GET / HTTP/1.1" 200 -
2025-10-06 19:34:49,786 [INFO] werkzeug: 127.0.0.1 - - [06/Oct/2025 19:34:49] "GET /static/img/simulation.jpg HTTP/1.1" 200 -
2025-10-06 19:34:49,788 [INFO] werkzeug: 127.0.0.1 - - [06/Oct/2025 19:34:49] "GET /static/img/sns.png HTTP/1.1" 200 -
2025-10-06 19:36:39,908 [INFO] werkzeug: [31m[1mWARNING: This is a development server. Do not use it in a production deployment. Use a production WSGI server instead.[0m
 * Running on all addresses (0.0.0.0)
 * Running on https://127.0.0.1:8445
 * Running on https://172.30.1.17:8445
2025-10-06 19:36:39,908 [INFO] werkzeug: [33mPress CTRL+C to quit[0m
2025-10-06 19:36:45,369 [INFO] werkzeug: 127.0.0.1 - - [06/Oct/2025 19:36:45] "GET / HTTP/1.1" 200 -
2025-10-06 19:36:45,392 [INFO] werkzeug: 127.0.0.1 - - [06/Oct/2025 19:36:45] "[36mGET /static/img/simulation.jpg HTTP/1.1[0m" 304 -
2025-10-06 19:36:45,393 [INFO] werkzeug: 127.0.0.1 - - [06/Oct/2025 19:36:45] "[36mGET /static/img/sns.png HTTP/1.1[0m" 304 -
2025-10-06 19:38:22,295 [INFO] werkzeug: [31m[1mWARNING: This is a development server. Do not use it in a production deployment. Use a production WSGI server instead.[0m
 * Running on all addresses (0.0.0.0)
 * Running on https://127.0.0.1:8445
 * Running on https://172.30.1.17:8445
2025-10-06 19:38:22,296 [INFO] werkzeug: [33mPress CTRL+C to quit[0m
2025-10-06 19:38:24,972 [INFO] werkzeug: 127.0.0.1 - - [06/Oct/2025 19:38:24] "GET / HTTP/1.1" 200 -
2025-10-06 19:38:24,995 [INFO] werkzeug: 127.0.0.1 - - [06/Oct/2025 19:38:24] "[36mGET /static/img/simulation.jpg HTTP/1.1[0m" 304 -
2025-10-06 19:38:24,997 [INFO] werkzeug: 127.0.0.1 - - [06/Oct/2025 19:38:24] "[36mGET /static/img/sns.png HTTP/1.1[0m" 304 -
2025-10-06 19:50:32,217 [INFO] werkzeug: [31m[1mWARNING: This is a development server. Do not use it in a production deployment. Use a production WSGI server instead.[0m
 * Running on all addresses (0.0.0.0)
 * Running on https://127.0.0.1:8445
 * Running on https://172.30.1.17:8445
2025-10-06 19:50:32,217 [INFO] werkzeug: [33mPress CTRL+C to quit[0m
2025-10-06 19:50:35,458 [INFO] werkzeug: 127.0.0.1 - - [06/Oct/2025 19:50:35] "GET / HTTP/1.1" 200 -
2025-10-06 19:50:35,483 [INFO] werkzeug: 127.0.0.1 - - [06/Oct/2025 19:50:35] "[36mGET /static/img/simulation.jpg HTTP/1.1[0m" 304 -
2025-10-06 19:50:35,485 [INFO] werkzeug: 127.0.0.1 - - [06/Oct/2025 19:50:35] "[36mGET /static/img/sns.png HTTP/1.1[0m" 304 -
2025-10-06 19:53:07,532 [INFO] werkzeug: [31m[1mWARNING: This is a development server. Do not use it in a production deployment. Use a production WSGI server instead.[0m
 * Running on all addresses (0.0.0.0)
 * Running on https://127.0.0.1:8445
 * Running on https://172.30.1.17:8445
2025-10-06 19:53:07,533 [INFO] werkzeug: [33mPress CTRL+C to quit[0m
2025-10-06 19:53:11,017 [INFO] werkzeug: 127.0.0.1 - - [06/Oct/2025 19:53:11] "GET / HTTP/1.1" 200 -
2025-10-06 19:53:11,042 [INFO] werkzeug: 127.0.0.1 - - [06/Oct/2025 19:53:11] "[36mGET /static/img/simulation.jpg HTTP/1.1[0m" 304 -
2025-10-06 19:53:11,044 [INFO] werkzeug: 127.0.0.1 - - [06/Oct/2025 19:53:11] "[36mGET /static/img/sns.png HTTP/1.1[0m" 304 -
2025-10-06 19:53:54,281 [INFO] werkzeug: [31m[1mWARNING: This is a development server. Do not use it in a production deployment. Use a production WSGI server instead.[0m
 * Running on all addresses (0.0.0.0)
 * Running on https://127.0.0.1:8445
 * Running on https://172.30.1.17:8445
2025-10-06 19:53:54,282 [INFO] werkzeug: [33mPress CTRL+C to quit[0m
2025-10-06 19:53:57,761 [INFO] werkzeug: 127.0.0.1 - - [06/Oct/2025 19:53:57] "GET / HTTP/1.1" 200 -
2025-10-06 19:53:57,786 [INFO] werkzeug: 127.0.0.1 - - [06/Oct/2025 19:53:57] "[36mGET /static/img/simulation.jpg HTTP/1.1[0m" 304 -
2025-10-06 19:53:57,788 [INFO] werkzeug: 127.0.0.1 - - [06/Oct/2025 19:53:57] "[36mGET /static/img/sns.png HTTP/1.1[0m" 304 -
2025-10-06 19:55:01,193 [INFO] werkzeug: [31m[1mWARNING: This is a development server. Do not use it in a production deployment. Use a production WSGI server instead.[0m
 * Running on all addresses (0.0.0.0)
 * Running on https://127.0.0.1:8445
 * Running on https://172.30.1.17:8445
2025-10-06 19:55:01,193 [INFO] werkzeug: [33mPress CTRL+C to quit[0m
2025-10-06 19:55:04,641 [INFO] werkzeug: 127.0.0.1 - - [06/Oct/2025 19:55:04] "GET / HTTP/1.1" 200 -
2025-10-06 19:55:04,664 [INFO] werkzeug: 127.0.0.1 - - [06/Oct/2025 19:55:04] "[36mGET /static/img/simulation.jpg HTTP/1.1[0m" 304 -
2025-10-06 19:55:04,666 [INFO] werkzeug: 127.0.0.1 - - [06/Oct/2025 19:55:04] "[36mGET /static/img/sns.png HTTP/1.1[0m" 304 -
2025-10-06 19:55:04,668 [INFO] werkzeug: 127.0.0.1 - - [06/Oct/2025 19:55:04] "GET /static/img/sensor.jpg HTTP/1.1" 200 -
2025-10-06 20:05:50,042 [INFO] werkzeug: [31m[1mWARNING: This is a development server. Do not use it in a production deployment. Use a production WSGI server instead.[0m
 * Running on all addresses (0.0.0.0)
 * Running on https://127.0.0.1:8445
 * Running on https://172.30.1.17:8445
2025-10-06 20:05:50,042 [INFO] werkzeug: [33mPress CTRL+C to quit[0m
2025-10-06 20:05:53,748 [INFO] werkzeug: 127.0.0.1 - - [06/Oct/2025 20:05:53] "GET / HTTP/1.1" 200 -
2025-10-06 20:05:53,772 [INFO] werkzeug: 127.0.0.1 - - [06/Oct/2025 20:05:53] "[36mGET /static/img/simulation.jpg HTTP/1.1[0m" 304 -
2025-10-06 20:05:53,774 [INFO] werkzeug: 127.0.0.1 - - [06/Oct/2025 20:05:53] "[36mGET /static/img/sns.png HTTP/1.1[0m" 304 -
2025-10-06 20:06:05,309 [INFO] werkzeug: 127.0.0.1 - - [06/Oct/2025 20:06:05] "GET /inject HTTP/1.1" 200 -
2025-10-06 20:06:09,247 [INFO] werkzeug: 127.0.0.1 - - [06/Oct/2025 20:06:09] "GET /map HTTP/1.1" 200 -
2025-10-06 20:06:09,290 [INFO] werkzeug: 127.0.0.1 - - [06/Oct/2025 20:06:09] "GET /api/geo?limit=200 HTTP/1.1" 200 -
2025-10-06 20:06:12,835 [INFO] werkzeug: 127.0.0.1 - - [06/Oct/2025 20:06:12] "GET /dash/ HTTP/1.1" 200 -
2025-10-06 20:06:12,872 [INFO] werkzeug: 127.0.0.1 - - [06/Oct/2025 20:06:12] "GET /dash/_dash-component-suites/dash/dcc/dash_core_components.v3_2_0m1759489334.js HTTP/1.1" 200 -
2025-10-06 20:06:12,873 [INFO] werkzeug: 127.0.0.1 - - [06/Oct/2025 20:06:12] "GET /dash/_dash-component-suites/dash/dcc/dash_core_components-shared.v3_2_0m1759489334.js HTTP/1.1" 200 -
2025-10-06 20:06:12,875 [INFO] werkzeug: 127.0.0.1 - - [06/Oct/2025 20:06:12] "GET /dash/_dash-component-suites/dash/html/dash_html_components.v3_0_4m1759489334.min.js HTTP/1.1" 200 -
2025-10-06 20:06:12,877 [INFO] werkzeug: 127.0.0.1 - - [06/Oct/2025 20:06:12] "GET /dash/_dash-component-suites/dash/dash_table/bundle.v6_0_4m1759489334.js HTTP/1.1" 200 -
2025-10-06 20:06:12,878 [INFO] werkzeug: 127.0.0.1 - - [06/Oct/2025 20:06:12] "GET /dash/_dash-component-suites/dash/deps/polyfill@7.v3_2_0m1759489334.12.1.min.js HTTP/1.1" 200 -
2025-10-06 20:06:12,881 [INFO] werkzeug: 127.0.0.1 - - [06/Oct/2025 20:06:12] "GET /dash/_dash-component-suites/dash/deps/react@18.v3_2_0m1759489334.3.1.min.js HTTP/1.1" 200 -
2025-10-06 20:06:12,882 [INFO] werkzeug: 127.0.0.1 - - [06/Oct/2025 20:06:12] "GET /dash/_dash-component-suites/dash/deps/react-dom@18.v3_2_0m1759489334.3.1.min.js HTTP/1.1" 200 -
2025-10-06 20:06:12,883 [INFO] werkzeug: 127.0.0.1 - - [06/Oct/2025 20:06:12] "GET /dash/_dash-component-suites/dash/deps/prop-types@15.v3_2_0m1759489334.8.1.min.js HTTP/1.1" 200 -
2025-10-06 20:06:12,886 [INFO] werkzeug: 127.0.0.1 - - [06/Oct/2025 20:06:12] "GET /dash/_dash-component-suites/dash/dash-renderer/build/dash_renderer.v3_2_0m1759489334.min.js HTTP/1.1" 200 -
2025-10-06 20:06:12,959 [INFO] werkzeug: 127.0.0.1 - - [06/Oct/2025 20:06:12] "GET /dash/_dash-layout HTTP/1.1" 200 -
2025-10-06 20:06:12,961 [INFO] werkzeug: 127.0.0.1 - - [06/Oct/2025 20:06:12] "GET /dash/_dash-dependencies HTTP/1.1" 200 -
2025-10-06 20:06:12,962 [INFO] werkzeug: 127.0.0.1 - - [06/Oct/2025 20:06:12] "GET /dash/_favicon.ico?v=3.2.0 HTTP/1.1" 200 -
2025-10-06 20:06:12,984 [INFO] werkzeug: 127.0.0.1 - - [06/Oct/2025 20:06:12] "GET /dash/_dash-component-suites/dash/dcc/async-dropdown.js HTTP/1.1" 200 -
2025-10-06 20:06:12,990 [INFO] werkzeug: 127.0.0.1 - - [06/Oct/2025 20:06:12] "GET /dash/_dash-component-suites/dash/dash_table/async-highlight.js HTTP/1.1" 200 -
2025-10-06 20:06:12,992 [INFO] werkzeug: 127.0.0.1 - - [06/Oct/2025 20:06:12] "POST /dash/_dash-update-component HTTP/1.1" 200 -
2025-10-06 20:06:12,995 [INFO] werkzeug: 127.0.0.1 - - [06/Oct/2025 20:06:12] "GET /dash/_dash-component-suites/dash/dash_table/async-table.js HTTP/1.1" 200 -
2025-10-06 20:06:13,014 [INFO] werkzeug: 127.0.0.1 - - [06/Oct/2025 20:06:13] "POST /dash/_dash-update-component HTTP/1.1" 200 -
2025-10-06 20:06:13,066 [INFO] werkzeug: 127.0.0.1 - - [06/Oct/2025 20:06:13] "POST /dash/_dash-update-component HTTP/1.1" 200 -
2025-10-06 20:06:16,687 [INFO] werkzeug: 127.0.0.1 - - [06/Oct/2025 20:06:16] "GET /health HTTP/1.1" 200 -
2025-10-06 20:13:13,062 [INFO] werkzeug: [31m[1mWARNING: This is a development server. Do not use it in a production deployment. Use a production WSGI server instead.[0m
 * Running on all addresses (0.0.0.0)
 * Running on https://127.0.0.1:8445
 * Running on https://172.30.1.17:8445
2025-10-06 20:13:13,062 [INFO] werkzeug: [33mPress CTRL+C to quit[0m
2025-10-06 20:13:18,048 [INFO] werkzeug: 127.0.0.1 - - [06/Oct/2025 20:13:18] "GET / HTTP/1.1" 200 -
2025-10-06 20:13:18,076 [INFO] werkzeug: 127.0.0.1 - - [06/Oct/2025 20:13:18] "[33mGET /static/img/sensor1.png HTTP/1.1[0m" 404 -
2025-10-06 20:13:18,078 [INFO] werkzeug: 127.0.0.1 - - [06/Oct/2025 20:13:18] "[33mGET /static/img/sensor2.png HTTP/1.1[0m" 404 -
2025-10-06 20:13:18,080 [INFO] werkzeug: 127.0.0.1 - - [06/Oct/2025 20:13:18] "[33mGET /static/img/sensor6.png HTTP/1.1[0m" 404 -
2025-10-06 20:13:18,082 [INFO] werkzeug: 127.0.0.1 - - [06/Oct/2025 20:13:18] "[33mGET /static/img/sensor3.png HTTP/1.1[0m" 404 -
2025-10-06 20:13:18,085 [INFO] werkzeug: 127.0.0.1 - - [06/Oct/2025 20:13:18] "[33mGET /static/img/sensor4.png HTTP/1.1[0m" 404 -
2025-10-06 20:13:18,089 [INFO] werkzeug: 127.0.0.1 - - [06/Oct/2025 20:13:18] "[36mGET /static/img/simulation.jpg HTTP/1.1[0m" 304 -
2025-10-06 20:13:18,091 [INFO] werkzeug: 127.0.0.1 - - [06/Oct/2025 20:13:18] "[33mGET /static/img/sensor5.png HTTP/1.1[0m" 404 -
2025-10-06 20:14:24,168 [INFO] werkzeug: 127.0.0.1 - - [06/Oct/2025 20:14:24] "GET /inject HTTP/1.1" 200 -
2025-10-06 20:15:28,749 [INFO] werkzeug: [31m[1mWARNING: This is a development server. Do not use it in a production deployment. Use a production WSGI server instead.[0m
 * Running on all addresses (0.0.0.0)
 * Running on https://127.0.0.1:8445
 * Running on https://172.30.1.17:8445
2025-10-06 20:15:28,749 [INFO] werkzeug: [33mPress CTRL+C to quit[0m
2025-10-06 20:15:32,837 [INFO] werkzeug: 127.0.0.1 - - [06/Oct/2025 20:15:32] "GET / HTTP/1.1" 200 -
2025-10-06 20:15:32,871 [INFO] werkzeug: 127.0.0.1 - - [06/Oct/2025 20:15:32] "GET /static/img/sns.png HTTP/1.1" 200 -
2025-10-06 20:15:32,873 [INFO] werkzeug: 127.0.0.1 - - [06/Oct/2025 20:15:32] "GET /static/img/sensor.jpg HTTP/1.1" 200 -
2025-10-06 20:15:32,875 [INFO] werkzeug: 127.0.0.1 - - [06/Oct/2025 20:15:32] "[33mGET /static/img/sensor3.png HTTP/1.1[0m" 404 -
2025-10-06 20:15:32,876 [INFO] werkzeug: 127.0.0.1 - - [06/Oct/2025 20:15:32] "[33mGET /static/img/sensor4.png HTTP/1.1[0m" 404 -
2025-10-06 20:15:32,878 [INFO] werkzeug: 127.0.0.1 - - [06/Oct/2025 20:15:32] "[36mGET /static/img/simulation.jpg HTTP/1.1[0m" 304 -
2025-10-06 20:15:32,879 [INFO] werkzeug: 127.0.0.1 - - [06/Oct/2025 20:15:32] "[33mGET /static/img/sensor5.png HTTP/1.1[0m" 404 -
2025-10-06 20:15:32,884 [INFO] werkzeug: 127.0.0.1 - - [06/Oct/2025 20:15:32] "[33mGET /static/img/sensor6.png HTTP/1.1[0m" 404 -
2025-10-06 20:16:54,554 [INFO] werkzeug: [31m[1mWARNING: This is a development server. Do not use it in a production deployment. Use a production WSGI server instead.[0m
 * Running on all addresses (0.0.0.0)
 * Running on https://127.0.0.1:8445
 * Running on https://172.30.1.17:8445
2025-10-06 20:16:54,554 [INFO] werkzeug: [33mPress CTRL+C to quit[0m
2025-10-06 20:17:03,221 [INFO] werkzeug: 127.0.0.1 - - [06/Oct/2025 20:17:03] "GET / HTTP/1.1" 200 -
2025-10-06 20:17:03,248 [INFO] werkzeug: 127.0.0.1 - - [06/Oct/2025 20:17:03] "[36mGET /static/img/sns.png HTTP/1.1[0m" 304 -
2025-10-06 20:17:03,250 [INFO] werkzeug: 127.0.0.1 - - [06/Oct/2025 20:17:03] "[36mGET /static/img/sensor.jpg HTTP/1.1[0m" 304 -
2025-10-06 20:17:03,251 [INFO] werkzeug: 127.0.0.1 - - [06/Oct/2025 20:17:03] "GET /static/img/gcs.jpg HTTP/1.1" 200 -
2025-10-06 20:17:03,253 [INFO] werkzeug: 127.0.0.1 - - [06/Oct/2025 20:17:03] "[36mGET /static/img/simulation.jpg HTTP/1.1[0m" 304 -
2025-10-06 20:17:03,255 [INFO] werkzeug: 127.0.0.1 - - [06/Oct/2025 20:17:03] "GET /static/img/drone-drop.jpg HTTP/1.1" 200 -
2025-10-06 20:32:03,230 [INFO] werkzeug: 127.0.0.1 - - [06/Oct/2025 20:32:03] "GET /inject HTTP/1.1" 200 -
2025-10-06 20:32:05,185 [INFO] werkzeug: 127.0.0.1 - - [06/Oct/2025 20:32:05] "GET /static/icons/fire.png?v=2 HTTP/1.1" 200 -
2025-10-06 20:32:08,948 [INFO] snd7: [inject] relaying to /sns with headers=text/plain, len=411
2025-10-06 20:32:08,954 [INFO] t25: SNS raw body: {"Type":"Notification","MessageId":"msg-123","TopicArn":"arn:aws:sns:us-west-2:123456789012:MyTopic","Message":"{\"DeviceID\":\"demo-01\",\"ActivityType\":1,\"Message\":\"Fire Alert\",\"Timestamp\":\"2012-05-02T00:54:06.655Z\",\"Latitude\":37.481747,\"Longitude\":127.187144}","Timestamp":"2025-09-03T12:00:00.000Z","SignatureVersion":"1","Signature":"FAKE","SigningCertURL":"https://example.com/fake-cert.pem"}
2025-10-06 20:32:08,954 [INFO] t25: SNS headers: {'Host': '127.0.0.1:8443', 'User-Agent': 'python-requests/2.32.5', 'Accept-Encoding': 'gzip, deflate', 'Accept': '*/*', 'Connection': 'keep-alive', 'Content-Type': 'text/plain', 'X-Amz-Sns-Message-Type': 'Notification', 'Content-Length': '411'}
2025-10-06 20:32:08,954 [INFO] t25: 📩 SNS Notification stored
2025-10-06 20:32:08,965 [INFO] snd7: [inject] /sns responded 200 ok
2025-10-06 20:32:08,965 [INFO] werkzeug: 127.0.0.1 - - [06/Oct/2025 20:32:08] "POST /api/inject HTTP/1.1" 200 -
2025-10-06 20:49:10,023 [INFO] snd7: [inject] relaying to /sns with headers=text/plain, len=411
2025-10-06 20:49:10,026 [INFO] t25: SNS raw body: {"Type":"Notification","MessageId":"msg-123","TopicArn":"arn:aws:sns:us-west-2:123456789012:MyTopic","Message":"{\"DeviceID\":\"demo-01\",\"ActivityType\":1,\"Message\":\"Fire Alert\",\"Timestamp\":\"2012-05-02T00:54:06.655Z\",\"Latitude\":37.481747,\"Longitude\":127.187144}","Timestamp":"2025-09-03T12:00:00.000Z","SignatureVersion":"1","Signature":"FAKE","SigningCertURL":"https://example.com/fake-cert.pem"}
2025-10-06 20:49:10,026 [INFO] t25: SNS headers: {'Host': '127.0.0.1:8443', 'User-Agent': 'python-requests/2.32.5', 'Accept-Encoding': 'gzip, deflate', 'Accept': '*/*', 'Connection': 'keep-alive', 'Content-Type': 'text/plain', 'X-Amz-Sns-Message-Type': 'Notification', 'Content-Length': '411'}
2025-10-06 20:49:10,026 [INFO] t25: 📩 SNS Notification stored
2025-10-06 20:49:10,037 [INFO] snd7: [inject] /sns responded 200 ok
2025-10-06 20:49:10,037 [INFO] werkzeug: 127.0.0.1 - - [06/Oct/2025 20:49:10] "POST /api/inject HTTP/1.1" 200 -
2025-10-06 21:01:34,542 [INFO] snd7: [inject] relaying to /sns with headers=text/plain, len=411
2025-10-06 21:01:34,545 [INFO] t25: SNS raw body: {"Type":"Notification","MessageId":"msg-123","TopicArn":"arn:aws:sns:us-west-2:123456789012:MyTopic","Message":"{\"DeviceID\":\"demo-01\",\"ActivityType\":1,\"Message\":\"Fire Alert\",\"Timestamp\":\"2012-05-02T00:54:06.655Z\",\"Latitude\":37.481747,\"Longitude\":127.187144}","Timestamp":"2025-09-03T12:00:00.000Z","SignatureVersion":"1","Signature":"FAKE","SigningCertURL":"https://example.com/fake-cert.pem"}
2025-10-06 21:01:34,545 [INFO] t25: SNS headers: {'Host': '127.0.0.1:8443', 'User-Agent': 'python-requests/2.32.5', 'Accept-Encoding': 'gzip, deflate', 'Accept': '*/*', 'Connection': 'keep-alive', 'Content-Type': 'text/plain', 'X-Amz-Sns-Message-Type': 'Notification', 'Content-Length': '411'}
2025-10-06 21:01:34,545 [INFO] t25: 📩 SNS Notification stored
2025-10-06 21:01:34,556 [INFO] snd7: [inject] /sns responded 200 ok
2025-10-06 21:01:34,556 [INFO] werkzeug: 127.0.0.1 - - [06/Oct/2025 21:01:34] "POST /api/inject HTTP/1.1" 200 -
2025-10-07 08:14:11,763 [INFO] snd7: [inject] relaying to /sns with headers=text/plain, len=411
2025-10-07 08:14:11,766 [INFO] t26: SNS raw body: {"Type":"Notification","MessageId":"msg-123","TopicArn":"arn:aws:sns:us-west-2:123456789012:MyTopic","Message":"{\"DeviceID\":\"demo-01\",\"ActivityType\":1,\"Message\":\"Fire Alert\",\"Timestamp\":\"2012-05-02T00:54:06.655Z\",\"Latitude\":37.481747,\"Longitude\":127.187144}","Timestamp":"2025-09-03T12:00:00.000Z","SignatureVersion":"1","Signature":"FAKE","SigningCertURL":"https://example.com/fake-cert.pem"}
2025-10-07 08:14:11,766 [INFO] t26: SNS headers: {'Host': '127.0.0.1:8443', 'User-Agent': 'python-requests/2.32.5', 'Accept-Encoding': 'gzip, deflate', 'Accept': '*/*', 'Connection': 'keep-alive', 'Content-Type': 'text/plain', 'X-Amz-Sns-Message-Type': 'Notification', 'Content-Length': '411'}
2025-10-07 08:14:11,766 [INFO] t26: 📩 SNS Notification stored
2025-10-07 08:14:11,777 [INFO] snd7: [inject] /sns responded 200 ok
2025-10-07 08:14:11,777 [INFO] werkzeug: 127.0.0.1 - - [07/Oct/2025 08:14:11] "POST /api/inject HTTP/1.1" 200 -
2025-10-07 08:50:18,389 [INFO] snd7: [inject] relaying to /sns with headers=text/plain, len=410
2025-10-07 08:50:18,392 [INFO] t26: SNS raw body: {"Type":"Notification","MessageId":"msg-123","TopicArn":"arn:aws:sns:us-west-2:123456789012:MyTopic","Message":"{\"DeviceID\":\"demo-01\",\"ActivityType\":1,\"Message\":\"Fire Alert\",\"Timestamp\":\"2012-05-02T00:54:06.655Z\",\"Latitude\":37.39015,\"Longitude\":126.503412}","Timestamp":"2025-09-03T12:00:00.000Z","SignatureVersion":"1","Signature":"FAKE","SigningCertURL":"https://example.com/fake-cert.pem"}
2025-10-07 08:50:18,392 [INFO] t26: SNS headers: {'Host': '127.0.0.1:8443', 'User-Agent': 'python-requests/2.32.5', 'Accept-Encoding': 'gzip, deflate', 'Accept': '*/*', 'Connection': 'keep-alive', 'Content-Type': 'text/plain', 'X-Amz-Sns-Message-Type': 'Notification', 'Content-Length': '410'}
2025-10-07 08:50:18,393 [INFO] t26: 📩 SNS Notification stored
2025-10-07 08:50:18,403 [INFO] snd7: [inject] /sns responded 200 ok
2025-10-07 08:50:18,404 [INFO] werkzeug: 127.0.0.1 - - [07/Oct/2025 08:50:18] "POST /api/inject HTTP/1.1" 200 -
2025-10-07 09:01:04,252 [INFO] werkzeug: 127.0.0.1 - - [07/Oct/2025 09:01:04] "GET / HTTP/1.1" 200 -
2025-10-07 09:01:04,282 [INFO] werkzeug: 127.0.0.1 - - [07/Oct/2025 09:01:04] "GET /static/img/sensor.jpg HTTP/1.1" 200 -
2025-10-07 09:01:04,284 [INFO] werkzeug: 127.0.0.1 - - [07/Oct/2025 09:01:04] "GET /static/img/simulation.jpg HTTP/1.1" 200 -
2025-10-07 09:01:04,286 [INFO] werkzeug: 127.0.0.1 - - [07/Oct/2025 09:01:04] "GET /static/img/sns.png HTTP/1.1" 200 -
2025-10-07 09:01:04,288 [INFO] werkzeug: 127.0.0.1 - - [07/Oct/2025 09:01:04] "GET /static/img/gcs.jpg HTTP/1.1" 200 -
2025-10-07 09:01:04,290 [INFO] werkzeug: 127.0.0.1 - - [07/Oct/2025 09:01:04] "GET /static/img/drone-drop.jpg HTTP/1.1" 200 -
2025-10-07 09:01:04,307 [INFO] werkzeug: 127.0.0.1 - - [07/Oct/2025 09:01:04] "[33mGET /favicon.ico HTTP/1.1[0m" 404 -
2025-10-07 09:27:28,391 [INFO] werkzeug: [31m[1mWARNING: This is a development server. Do not use it in a production deployment. Use a production WSGI server instead.[0m
 * Running on all addresses (0.0.0.0)
 * Running on https://127.0.0.1:8445
 * Running on https://172.30.1.17:8445
2025-10-07 09:27:28,392 [INFO] werkzeug: [33mPress CTRL+C to quit[0m
2025-10-07 09:27:32,664 [INFO] werkzeug: 127.0.0.1 - - [07/Oct/2025 09:27:32] "GET / HTTP/1.1" 200 -
2025-10-07 09:27:32,691 [INFO] werkzeug: 127.0.0.1 - - [07/Oct/2025 09:27:32] "[36mGET /static/img/sns.png HTTP/1.1[0m" 304 -
2025-10-07 09:27:32,692 [INFO] werkzeug: 127.0.0.1 - - [07/Oct/2025 09:27:32] "[36mGET /static/img/sensor.jpg HTTP/1.1[0m" 304 -
2025-10-07 09:27:32,693 [INFO] werkzeug: 127.0.0.1 - - [07/Oct/2025 09:27:32] "[36mGET /static/img/gcs.jpg HTTP/1.1[0m" 304 -
2025-10-07 09:27:32,695 [INFO] werkzeug: 127.0.0.1 - - [07/Oct/2025 09:27:32] "[36mGET /static/img/simulation.jpg HTTP/1.1[0m" 304 -
2025-10-07 09:27:32,697 [INFO] werkzeug: 127.0.0.1 - - [07/Oct/2025 09:27:32] "[36mGET /static/img/drone-drop.jpg HTTP/1.1[0m" 304 -
2025-10-07 09:37:26,515 [INFO] werkzeug: [31m[1mWARNING: This is a development server. Do not use it in a production deployment. Use a production WSGI server instead.[0m
 * Running on all addresses (0.0.0.0)
 * Running on https://127.0.0.1:8445
 * Running on https://172.30.1.17:8445
2025-10-07 09:37:26,516 [INFO] werkzeug: [33mPress CTRL+C to quit[0m
2025-10-07 09:37:31,348 [INFO] werkzeug: 127.0.0.1 - - [07/Oct/2025 09:37:31] "GET / HTTP/1.1" 200 -
2025-10-07 09:37:31,377 [INFO] werkzeug: 127.0.0.1 - - [07/Oct/2025 09:37:31] "[33mGET /static/img/sensor1.jpg HTTP/1.1[0m" 404 -
2025-10-07 09:37:31,380 [INFO] werkzeug: 127.0.0.1 - - [07/Oct/2025 09:37:31] "[33mGET /static/img/sensor6.jpg HTTP/1.1[0m" 404 -
2025-10-07 09:37:31,382 [INFO] werkzeug: 127.0.0.1 - - [07/Oct/2025 09:37:31] "[33mGET /static/img/sensor2.jpg HTTP/1.1[0m" 404 -
2025-10-07 09:37:31,384 [INFO] werkzeug: 127.0.0.1 - - [07/Oct/2025 09:37:31] "[33mGET /static/img/sensor3.jpg HTTP/1.1[0m" 404 -
2025-10-07 09:37:31,386 [INFO] werkzeug: 127.0.0.1 - - [07/Oct/2025 09:37:31] "[33mGET /static/img/sensor4.jpg HTTP/1.1[0m" 404 -
2025-10-07 09:37:31,387 [INFO] werkzeug: 127.0.0.1 - - [07/Oct/2025 09:37:31] "[36mGET /static/img/simulation.jpg HTTP/1.1[0m" 304 -
2025-10-07 09:37:31,391 [INFO] werkzeug: 127.0.0.1 - - [07/Oct/2025 09:37:31] "[33mGET /static/img/sensor5.jpg HTTP/1.1[0m" 404 -
2025-10-07 09:38:00,664 [INFO] werkzeug: [31m[1mWARNING: This is a development server. Do not use it in a production deployment. Use a production WSGI server instead.[0m
 * Running on all addresses (0.0.0.0)
 * Running on https://127.0.0.1:8445
 * Running on https://172.30.1.17:8445
2025-10-07 09:38:00,664 [INFO] werkzeug: [33mPress CTRL+C to quit[0m
2025-10-07 09:38:03,851 [INFO] werkzeug: 127.0.0.1 - - [07/Oct/2025 09:38:03] "GET / HTTP/1.1" 200 -
2025-10-07 09:38:03,879 [INFO] werkzeug: 127.0.0.1 - - [07/Oct/2025 09:38:03] "GET /static/img/gcs.jpg HTTP/1.1" 200 -
2025-10-07 09:38:03,881 [INFO] werkzeug: 127.0.0.1 - - [07/Oct/2025 09:38:03] "[36mGET /static/img/simulation.jpg HTTP/1.1[0m" 304 -
2025-10-07 09:38:03,883 [INFO] werkzeug: 127.0.0.1 - - [07/Oct/2025 09:38:03] "GET /static/img/sns.png HTTP/1.1" 200 -
2025-10-07 09:38:03,885 [INFO] werkzeug: 127.0.0.1 - - [07/Oct/2025 09:38:03] "GET /static/img/sensor.jpg HTTP/1.1" 200 -
2025-10-07 09:38:03,886 [INFO] werkzeug: 127.0.0.1 - - [07/Oct/2025 09:38:03] "GET /static/img/drone-drop.jpg HTTP/1.1" 200 -
2025-10-07 09:38:23,900 [INFO] werkzeug: 127.0.0.1 - - [07/Oct/2025 09:38:23] "GET / HTTP/1.1" 200 -
2025-10-07 09:38:23,932 [INFO] werkzeug: 127.0.0.1 - - [07/Oct/2025 09:38:23] "[36mGET /static/img/simulation.jpg HTTP/1.1[0m" 304 -
2025-10-07 09:38:23,935 [INFO] werkzeug: 127.0.0.1 - - [07/Oct/2025 09:38:23] "[36mGET /static/img/sns.png HTTP/1.1[0m" 304 -
2025-10-07 09:38:23,937 [INFO] werkzeug: 127.0.0.1 - - [07/Oct/2025 09:38:23] "[36mGET /static/img/sensor.jpg HTTP/1.1[0m" 304 -
2025-10-07 09:38:23,941 [INFO] werkzeug: 127.0.0.1 - - [07/Oct/2025 09:38:23] "[36mGET /static/img/gcs.jpg HTTP/1.1[0m" 304 -
2025-10-07 09:38:23,942 [INFO] werkzeug: 127.0.0.1 - - [07/Oct/2025 09:38:23] "[36mGET /static/img/drone-drop.jpg HTTP/1.1[0m" 304 -
2025-10-07 09:44:39,254 [INFO] werkzeug: [31m[1mWARNING: This is a development server. Do not use it in a production deployment. Use a production WSGI server instead.[0m
 * Running on all addresses (0.0.0.0)
 * Running on https://127.0.0.1:8445
 * Running on https://172.30.1.17:8445
2025-10-07 09:44:39,254 [INFO] werkzeug: [33mPress CTRL+C to quit[0m
2025-10-07 09:44:43,515 [INFO] werkzeug: 127.0.0.1 - - [07/Oct/2025 09:44:43] "GET / HTTP/1.1" 200 -
2025-10-07 09:44:43,543 [INFO] werkzeug: 127.0.0.1 - - [07/Oct/2025 09:44:43] "[36mGET /static/img/gcs.jpg HTTP/1.1[0m" 304 -
2025-10-07 09:44:43,544 [INFO] werkzeug: 127.0.0.1 - - [07/Oct/2025 09:44:43] "[36mGET /static/img/simulation.jpg HTTP/1.1[0m" 304 -
2025-10-07 09:44:43,545 [INFO] werkzeug: 127.0.0.1 - - [07/Oct/2025 09:44:43] "[36mGET /static/img/sns.png HTTP/1.1[0m" 304 -
2025-10-07 09:44:43,547 [INFO] werkzeug: 127.0.0.1 - - [07/Oct/2025 09:44:43] "[36mGET /static/img/sensor.jpg HTTP/1.1[0m" 304 -
2025-10-07 09:44:43,548 [INFO] werkzeug: 127.0.0.1 - - [07/Oct/2025 09:44:43] "[36mGET /static/img/drone-drop.jpg HTTP/1.1[0m" 304 -
2025-10-07 10:30:01,613 [INFO] werkzeug: [31m[1mWARNING: This is a development server. Do not use it in a production deployment. Use a production WSGI server instead.[0m
 * Running on all addresses (0.0.0.0)
 * Running on https://127.0.0.1:8445
 * Running on https://172.30.1.17:8445
2025-10-07 10:30:01,613 [INFO] werkzeug: [33mPress CTRL+C to quit[0m
2025-10-07 10:30:04,993 [INFO] werkzeug: 127.0.0.1 - - [07/Oct/2025 10:30:04] "GET / HTTP/1.1" 200 -
2025-10-07 10:30:05,019 [INFO] werkzeug: 127.0.0.1 - - [07/Oct/2025 10:30:05] "[36mGET /static/img/sns.png HTTP/1.1[0m" 304 -
2025-10-07 10:30:05,021 [INFO] werkzeug: 127.0.0.1 - - [07/Oct/2025 10:30:05] "[36mGET /static/img/sensor.jpg HTTP/1.1[0m" 304 -
2025-10-07 10:30:05,023 [INFO] werkzeug: 127.0.0.1 - - [07/Oct/2025 10:30:05] "[36mGET /static/img/gcs.jpg HTTP/1.1[0m" 304 -
2025-10-07 10:30:05,024 [INFO] werkzeug: 127.0.0.1 - - [07/Oct/2025 10:30:05] "[36mGET /static/img/simulation.jpg HTTP/1.1[0m" 304 -
2025-10-07 10:30:05,025 [INFO] werkzeug: 127.0.0.1 - - [07/Oct/2025 10:30:05] "[36mGET /static/img/drone-drop.jpg HTTP/1.1[0m" 304 -
2025-10-07 10:31:48,498 [INFO] werkzeug: 127.0.0.1 - - [07/Oct/2025 10:31:48] "GET /map HTTP/1.1" 200 -
2025-10-07 10:31:48,547 [INFO] werkzeug: 127.0.0.1 - - [07/Oct/2025 10:31:48] "GET /api/geo?limit=200 HTTP/1.1" 200 -
2025-10-07 10:31:53,948 [INFO] werkzeug: 127.0.0.1 - - [07/Oct/2025 10:31:53] "GET /inject HTTP/1.1" 200 -
2025-10-07 10:32:16,135 [INFO] werkzeug: [31m[1mWARNING: This is a development server. Do not use it in a production deployment. Use a production WSGI server instead.[0m
 * Running on all addresses (0.0.0.0)
 * Running on https://127.0.0.1:8445
 * Running on https://172.30.1.17:8445
2025-10-07 10:32:16,135 [INFO] werkzeug: [33mPress CTRL+C to quit[0m
2025-10-07 10:32:19,665 [INFO] werkzeug: 127.0.0.1 - - [07/Oct/2025 10:32:19] "GET / HTTP/1.1" 200 -
2025-10-07 10:32:19,692 [INFO] werkzeug: 127.0.0.1 - - [07/Oct/2025 10:32:19] "[36mGET /static/img/sns.png HTTP/1.1[0m" 304 -
2025-10-07 10:32:19,693 [INFO] werkzeug: 127.0.0.1 - - [07/Oct/2025 10:32:19] "[36mGET /static/img/sensor.jpg HTTP/1.1[0m" 304 -
2025-10-07 10:32:19,695 [INFO] werkzeug: 127.0.0.1 - - [07/Oct/2025 10:32:19] "[36mGET /static/img/gcs.jpg HTTP/1.1[0m" 304 -
2025-10-07 10:32:19,696 [INFO] werkzeug: 127.0.0.1 - - [07/Oct/2025 10:32:19] "[36mGET /static/img/simulation.jpg HTTP/1.1[0m" 304 -
2025-10-07 10:32:19,698 [INFO] werkzeug: 127.0.0.1 - - [07/Oct/2025 10:32:19] "[36mGET /static/img/drone-drop.jpg HTTP/1.1[0m" 304 -
2025-10-07 10:32:25,378 [INFO] werkzeug: 127.0.0.1 - - [07/Oct/2025 10:32:25] "GET /dash/ HTTP/1.1" 200 -
2025-10-07 10:32:25,418 [INFO] werkzeug: 127.0.0.1 - - [07/Oct/2025 10:32:25] "GET /dash/_dash-component-suites/dash/dcc/dash_core_components.v3_2_0m1759489334.js HTTP/1.1" 200 -
2025-10-07 10:32:25,421 [INFO] werkzeug: 127.0.0.1 - - [07/Oct/2025 10:32:25] "GET /dash/_dash-component-suites/dash/dcc/dash_core_components-shared.v3_2_0m1759489334.js HTTP/1.1" 200 -
2025-10-07 10:32:25,423 [INFO] werkzeug: 127.0.0.1 - - [07/Oct/2025 10:32:25] "GET /dash/_dash-component-suites/dash/html/dash_html_components.v3_0_4m1759489334.min.js HTTP/1.1" 200 -
2025-10-07 10:32:25,425 [INFO] werkzeug: 127.0.0.1 - - [07/Oct/2025 10:32:25] "GET /dash/_dash-component-suites/dash/dash_table/bundle.v6_0_4m1759489334.js HTTP/1.1" 200 -
2025-10-07 10:32:25,426 [INFO] werkzeug: 127.0.0.1 - - [07/Oct/2025 10:32:25] "GET /dash/_dash-component-suites/dash/deps/polyfill@7.v3_2_0m1759489334.12.1.min.js HTTP/1.1" 200 -
2025-10-07 10:32:25,429 [INFO] werkzeug: 127.0.0.1 - - [07/Oct/2025 10:32:25] "GET /dash/_dash-component-suites/dash/deps/react@18.v3_2_0m1759489334.3.1.min.js HTTP/1.1" 200 -
2025-10-07 10:32:25,430 [INFO] werkzeug: 127.0.0.1 - - [07/Oct/2025 10:32:25] "GET /dash/_dash-component-suites/dash/deps/react-dom@18.v3_2_0m1759489334.3.1.min.js HTTP/1.1" 200 -
2025-10-07 10:32:25,433 [INFO] werkzeug: 127.0.0.1 - - [07/Oct/2025 10:32:25] "GET /dash/_dash-component-suites/dash/deps/prop-types@15.v3_2_0m1759489334.8.1.min.js HTTP/1.1" 200 -
2025-10-07 10:32:25,433 [INFO] werkzeug: 127.0.0.1 - - [07/Oct/2025 10:32:25] "GET /dash/_dash-component-suites/dash/dash-renderer/build/dash_renderer.v3_2_0m1759489334.min.js HTTP/1.1" 200 -
2025-10-07 10:32:25,493 [INFO] werkzeug: 127.0.0.1 - - [07/Oct/2025 10:32:25] "GET /dash/_dash-layout HTTP/1.1" 200 -
2025-10-07 10:32:25,495 [INFO] werkzeug: 127.0.0.1 - - [07/Oct/2025 10:32:25] "GET /dash/_dash-dependencies HTTP/1.1" 200 -
2025-10-07 10:32:25,524 [INFO] werkzeug: 127.0.0.1 - - [07/Oct/2025 10:32:25] "GET /dash/_dash-component-suites/dash/dcc/async-dropdown.js HTTP/1.1" 200 -
2025-10-07 10:32:25,527 [INFO] werkzeug: 127.0.0.1 - - [07/Oct/2025 10:32:25] "POST /dash/_dash-update-component HTTP/1.1" 200 -
2025-10-07 10:32:25,528 [INFO] werkzeug: 127.0.0.1 - - [07/Oct/2025 10:32:25] "GET /dash/_dash-component-suites/dash/dash_table/async-highlight.js HTTP/1.1" 200 -
2025-10-07 10:32:25,531 [INFO] werkzeug: 127.0.0.1 - - [07/Oct/2025 10:32:25] "GET /dash/_dash-component-suites/dash/dash_table/async-table.js HTTP/1.1" 200 -
2025-10-07 10:32:25,582 [INFO] werkzeug: 127.0.0.1 - - [07/Oct/2025 10:32:25] "POST /dash/_dash-update-component HTTP/1.1" 200 -
2025-10-07 10:32:25,602 [INFO] werkzeug: 127.0.0.1 - - [07/Oct/2025 10:32:25] "POST /dash/_dash-update-component HTTP/1.1" 200 -
2025-10-07 10:32:30,466 [INFO] werkzeug: 127.0.0.1 - - [07/Oct/2025 10:32:30] "GET /health HTTP/1.1" 200 -
2025-10-07 12:56:08,082 [INFO] werkzeug: 127.0.0.1 - - [07/Oct/2025 12:56:08] "GET /inject HTTP/1.1" 200 -
2025-10-07 12:56:12,819 [INFO] werkzeug: 127.0.0.1 - - [07/Oct/2025 12:56:12] "GET /map HTTP/1.1" 200 -
2025-10-07 12:56:12,863 [INFO] werkzeug: 127.0.0.1 - - [07/Oct/2025 12:56:12] "GET /api/geo?limit=200 HTTP/1.1" 200 -
2025-10-07 12:56:18,346 [INFO] werkzeug: 127.0.0.1 - - [07/Oct/2025 12:56:18] "GET /dash/ HTTP/1.1" 200 -
2025-10-07 12:56:18,387 [INFO] werkzeug: 127.0.0.1 - - [07/Oct/2025 12:56:18] "GET /dash/_dash-component-suites/dash/dcc/dash_core_components.v3_2_0m1759489334.js HTTP/1.1" 200 -
2025-10-07 12:56:18,389 [INFO] werkzeug: 127.0.0.1 - - [07/Oct/2025 12:56:18] "GET /dash/_dash-component-suites/dash/dcc/dash_core_components-shared.v3_2_0m1759489334.js HTTP/1.1" 200 -
2025-10-07 12:56:18,391 [INFO] werkzeug: 127.0.0.1 - - [07/Oct/2025 12:56:18] "GET /dash/_dash-component-suites/dash/html/dash_html_components.v3_0_4m1759489334.min.js HTTP/1.1" 200 -
2025-10-07 12:56:18,392 [INFO] werkzeug: 127.0.0.1 - - [07/Oct/2025 12:56:18] "GET /dash/_dash-component-suites/dash/dash_table/bundle.v6_0_4m1759489334.js HTTP/1.1" 200 -
2025-10-07 12:56:18,394 [INFO] werkzeug: 127.0.0.1 - - [07/Oct/2025 12:56:18] "GET /dash/_dash-component-suites/dash/deps/polyfill@7.v3_2_0m1759489334.12.1.min.js HTTP/1.1" 200 -
2025-10-07 12:56:18,396 [INFO] werkzeug: 127.0.0.1 - - [07/Oct/2025 12:56:18] "GET /dash/_dash-component-suites/dash/deps/react@18.v3_2_0m1759489334.3.1.min.js HTTP/1.1" 200 -
2025-10-07 12:56:18,397 [INFO] werkzeug: 127.0.0.1 - - [07/Oct/2025 12:56:18] "GET /dash/_dash-component-suites/dash/deps/react-dom@18.v3_2_0m1759489334.3.1.min.js HTTP/1.1" 200 -
2025-10-07 12:56:18,398 [INFO] werkzeug: 127.0.0.1 - - [07/Oct/2025 12:56:18] "GET /dash/_dash-component-suites/dash/deps/prop-types@15.v3_2_0m1759489334.8.1.min.js HTTP/1.1" 200 -
2025-10-07 12:56:18,399 [INFO] werkzeug: 127.0.0.1 - - [07/Oct/2025 12:56:18] "GET /dash/_dash-component-suites/dash/dash-renderer/build/dash_renderer.v3_2_0m1759489334.min.js HTTP/1.1" 200 -
2025-10-07 12:56:18,467 [INFO] werkzeug: 127.0.0.1 - - [07/Oct/2025 12:56:18] "GET /dash/_dash-layout HTTP/1.1" 200 -
2025-10-07 12:56:18,469 [INFO] werkzeug: 127.0.0.1 - - [07/Oct/2025 12:56:18] "GET /dash/_dash-dependencies HTTP/1.1" 200 -
2025-10-07 12:56:18,492 [INFO] werkzeug: 127.0.0.1 - - [07/Oct/2025 12:56:18] "GET /dash/_dash-component-suites/dash/dcc/async-dropdown.js HTTP/1.1" 200 -
2025-10-07 12:56:18,498 [INFO] werkzeug: 127.0.0.1 - - [07/Oct/2025 12:56:18] "GET /dash/_dash-component-suites/dash/dash_table/async-highlight.js HTTP/1.1" 200 -
2025-10-07 12:56:18,501 [INFO] werkzeug: 127.0.0.1 - - [07/Oct/2025 12:56:18] "POST /dash/_dash-update-component HTTP/1.1" 200 -
2025-10-07 12:56:18,504 [INFO] werkzeug: 127.0.0.1 - - [07/Oct/2025 12:56:18] "GET /dash/_dash-component-suites/dash/dash_table/async-table.js HTTP/1.1" 200 -
2025-10-07 12:56:18,523 [INFO] werkzeug: 127.0.0.1 - - [07/Oct/2025 12:56:18] "POST /dash/_dash-update-component HTTP/1.1" 200 -
2025-10-07 12:56:18,574 [INFO] werkzeug: 127.0.0.1 - - [07/Oct/2025 12:56:18] "POST /dash/_dash-update-component HTTP/1.1" 200 -
2025-10-07 12:56:23,630 [INFO] werkzeug: 127.0.0.1 - - [07/Oct/2025 12:56:23] "GET /health HTTP/1.1" 200 -
2025-10-07 12:58:27,151 [INFO] werkzeug: [31m[1mWARNING: This is a development server. Do not use it in a production deployment. Use a production WSGI server instead.[0m
 * Running on all addresses (0.0.0.0)
 * Running on https://127.0.0.1:8445
 * Running on https://172.30.1.17:8445
2025-10-07 12:58:27,151 [INFO] werkzeug: [33mPress CTRL+C to quit[0m
2025-10-07 12:58:31,114 [INFO] werkzeug: 127.0.0.1 - - [07/Oct/2025 12:58:31] "GET / HTTP/1.1" 200 -
2025-10-07 12:58:31,143 [INFO] werkzeug: 127.0.0.1 - - [07/Oct/2025 12:58:31] "[36mGET /static/img/sensor.jpg HTTP/1.1[0m" 304 -
2025-10-07 12:58:31,145 [INFO] werkzeug: 127.0.0.1 - - [07/Oct/2025 12:58:31] "[36mGET /static/img/gcs.jpg HTTP/1.1[0m" 304 -
2025-10-07 12:58:31,146 [INFO] werkzeug: 127.0.0.1 - - [07/Oct/2025 12:58:31] "[36mGET /static/img/simulation.jpg HTTP/1.1[0m" 304 -
2025-10-07 12:58:31,148 [INFO] werkzeug: 127.0.0.1 - - [07/Oct/2025 12:58:31] "[36mGET /static/img/sns.png HTTP/1.1[0m" 304 -
2025-10-07 12:58:31,150 [INFO] werkzeug: 127.0.0.1 - - [07/Oct/2025 12:58:31] "[36mGET /static/img/drone-drop.jpg HTTP/1.1[0m" 304 -
2025-10-07 12:59:47,318 [INFO] werkzeug: [31m[1mWARNING: This is a development server. Do not use it in a production deployment. Use a production WSGI server instead.[0m
 * Running on all addresses (0.0.0.0)
 * Running on https://127.0.0.1:8445
 * Running on https://172.30.1.17:8445
2025-10-07 12:59:47,318 [INFO] werkzeug: [33mPress CTRL+C to quit[0m
2025-10-07 12:59:51,072 [INFO] werkzeug: 127.0.0.1 - - [07/Oct/2025 12:59:51] "GET / HTTP/1.1" 200 -
2025-10-07 12:59:51,099 [INFO] werkzeug: 127.0.0.1 - - [07/Oct/2025 12:59:51] "[36mGET /static/img/sns.png HTTP/1.1[0m" 304 -
2025-10-07 12:59:51,100 [INFO] werkzeug: 127.0.0.1 - - [07/Oct/2025 12:59:51] "[36mGET /static/img/sensor.jpg HTTP/1.1[0m" 304 -
2025-10-07 12:59:51,103 [INFO] werkzeug: 127.0.0.1 - - [07/Oct/2025 12:59:51] "[36mGET /static/img/gcs.jpg HTTP/1.1[0m" 304 -
2025-10-07 12:59:51,105 [INFO] werkzeug: 127.0.0.1 - - [07/Oct/2025 12:59:51] "[36mGET /static/img/simulation.jpg HTTP/1.1[0m" 304 -
2025-10-07 12:59:51,106 [INFO] werkzeug: 127.0.0.1 - - [07/Oct/2025 12:59:51] "[36mGET /static/img/drone-drop.jpg HTTP/1.1[0m" 304 -
2025-10-07 13:00:22,816 [INFO] werkzeug: [31m[1mWARNING: This is a development server. Do not use it in a production deployment. Use a production WSGI server instead.[0m
 * Running on all addresses (0.0.0.0)
 * Running on https://127.0.0.1:8445
 * Running on https://172.30.1.17:8445
2025-10-07 13:00:22,816 [INFO] werkzeug: [33mPress CTRL+C to quit[0m
2025-10-07 13:00:25,174 [INFO] werkzeug: 127.0.0.1 - - [07/Oct/2025 13:00:25] "GET / HTTP/1.1" 200 -
2025-10-07 13:00:25,201 [INFO] werkzeug: 127.0.0.1 - - [07/Oct/2025 13:00:25] "[36mGET /static/img/gcs.jpg HTTP/1.1[0m" 304 -
2025-10-07 13:00:25,203 [INFO] werkzeug: 127.0.0.1 - - [07/Oct/2025 13:00:25] "[36mGET /static/img/simulation.jpg HTTP/1.1[0m" 304 -
2025-10-07 13:00:25,205 [INFO] werkzeug: 127.0.0.1 - - [07/Oct/2025 13:00:25] "[36mGET /static/img/sns.png HTTP/1.1[0m" 304 -
2025-10-07 13:00:25,207 [INFO] werkzeug: 127.0.0.1 - - [07/Oct/2025 13:00:25] "[36mGET /static/img/sensor.jpg HTTP/1.1[0m" 304 -
2025-10-07 13:00:25,208 [INFO] werkzeug: 127.0.0.1 - - [07/Oct/2025 13:00:25] "[36mGET /static/img/drone-drop.jpg HTTP/1.1[0m" 304 -
2025-10-07 13:26:38,248 [INFO] werkzeug: [31m[1mWARNING: This is a development server. Do not use it in a production deployment. Use a production WSGI server instead.[0m
 * Running on all addresses (0.0.0.0)
 * Running on https://127.0.0.1:8445
 * Running on https://172.30.1.17:8445
2025-10-07 13:26:38,248 [INFO] werkzeug: [33mPress CTRL+C to quit[0m
2025-10-07 13:26:43,128 [INFO] werkzeug: 127.0.0.1 - - [07/Oct/2025 13:26:43] "GET / HTTP/1.1" 200 -
2025-10-07 13:26:43,156 [INFO] werkzeug: 127.0.0.1 - - [07/Oct/2025 13:26:43] "[36mGET /static/img/sns.png HTTP/1.1[0m" 304 -
2025-10-07 13:26:43,158 [INFO] werkzeug: 127.0.0.1 - - [07/Oct/2025 13:26:43] "[36mGET /static/img/sensor.jpg HTTP/1.1[0m" 304 -
2025-10-07 13:26:43,160 [INFO] werkzeug: 127.0.0.1 - - [07/Oct/2025 13:26:43] "[36mGET /static/img/gcs.jpg HTTP/1.1[0m" 304 -
2025-10-07 13:26:43,162 [INFO] werkzeug: 127.0.0.1 - - [07/Oct/2025 13:26:43] "[36mGET /static/img/simulation.jpg HTTP/1.1[0m" 304 -
2025-10-07 13:26:43,164 [INFO] werkzeug: 127.0.0.1 - - [07/Oct/2025 13:26:43] "[36mGET /static/img/drone-drop.jpg HTTP/1.1[0m" 304 -
2025-10-07 13:27:49,926 [INFO] werkzeug: [31m[1mWARNING: This is a development server. Do not use it in a production deployment. Use a production WSGI server instead.[0m
 * Running on all addresses (0.0.0.0)
 * Running on https://127.0.0.1:8445
 * Running on https://172.30.1.17:8445
2025-10-07 13:27:49,926 [INFO] werkzeug: [33mPress CTRL+C to quit[0m
2025-10-07 13:27:54,184 [INFO] werkzeug: 127.0.0.1 - - [07/Oct/2025 13:27:54] "GET / HTTP/1.1" 200 -
2025-10-07 13:27:54,212 [INFO] werkzeug: 127.0.0.1 - - [07/Oct/2025 13:27:54] "[36mGET /static/img/sns.png HTTP/1.1[0m" 304 -
2025-10-07 13:27:54,213 [INFO] werkzeug: 127.0.0.1 - - [07/Oct/2025 13:27:54] "[36mGET /static/img/sensor.jpg HTTP/1.1[0m" 304 -
2025-10-07 13:27:54,215 [INFO] werkzeug: 127.0.0.1 - - [07/Oct/2025 13:27:54] "[36mGET /static/img/gcs.jpg HTTP/1.1[0m" 304 -
2025-10-07 13:27:54,216 [INFO] werkzeug: 127.0.0.1 - - [07/Oct/2025 13:27:54] "[36mGET /static/img/simulation.jpg HTTP/1.1[0m" 304 -
2025-10-07 13:27:54,218 [INFO] werkzeug: 127.0.0.1 - - [07/Oct/2025 13:27:54] "[36mGET /static/img/drone-drop.jpg HTTP/1.1[0m" 304 -
2025-10-07 13:31:35,983 [INFO] werkzeug: [31m[1mWARNING: This is a development server. Do not use it in a production deployment. Use a production WSGI server instead.[0m
 * Running on all addresses (0.0.0.0)
 * Running on https://127.0.0.1:8445
 * Running on https://172.30.1.17:8445
2025-10-07 13:31:35,984 [INFO] werkzeug: [33mPress CTRL+C to quit[0m
2025-10-07 13:31:39,389 [INFO] werkzeug: 127.0.0.1 - - [07/Oct/2025 13:31:39] "GET / HTTP/1.1" 200 -
2025-10-07 13:31:39,419 [INFO] werkzeug: 127.0.0.1 - - [07/Oct/2025 13:31:39] "[36mGET /static/img/sns.png HTTP/1.1[0m" 304 -
2025-10-07 13:31:39,420 [INFO] werkzeug: 127.0.0.1 - - [07/Oct/2025 13:31:39] "[36mGET /static/img/sensor.jpg HTTP/1.1[0m" 304 -
2025-10-07 13:31:39,422 [INFO] werkzeug: 127.0.0.1 - - [07/Oct/2025 13:31:39] "[36mGET /static/img/gcs.jpg HTTP/1.1[0m" 304 -
2025-10-07 13:31:39,424 [INFO] werkzeug: 127.0.0.1 - - [07/Oct/2025 13:31:39] "[36mGET /static/img/simulation.jpg HTTP/1.1[0m" 304 -
2025-10-07 13:31:39,426 [INFO] werkzeug: 127.0.0.1 - - [07/Oct/2025 13:31:39] "[36mGET /static/img/drone-drop.jpg HTTP/1.1[0m" 304 -
2025-10-07 13:32:05,088 [INFO] werkzeug: [31m[1mWARNING: This is a development server. Do not use it in a production deployment. Use a production WSGI server instead.[0m
 * Running on all addresses (0.0.0.0)
 * Running on https://127.0.0.1:8445
 * Running on https://172.30.1.17:8445
2025-10-07 13:32:05,088 [INFO] werkzeug: [33mPress CTRL+C to quit[0m
2025-10-07 13:32:08,435 [INFO] werkzeug: 127.0.0.1 - - [07/Oct/2025 13:32:08] "GET / HTTP/1.1" 200 -
2025-10-07 13:32:08,462 [INFO] werkzeug: 127.0.0.1 - - [07/Oct/2025 13:32:08] "[36mGET /static/img/sns.png HTTP/1.1[0m" 304 -
2025-10-07 13:32:08,463 [INFO] werkzeug: 127.0.0.1 - - [07/Oct/2025 13:32:08] "[36mGET /static/img/sensor.jpg HTTP/1.1[0m" 304 -
2025-10-07 13:32:08,465 [INFO] werkzeug: 127.0.0.1 - - [07/Oct/2025 13:32:08] "[36mGET /static/img/gcs.jpg HTTP/1.1[0m" 304 -
2025-10-07 13:32:08,467 [INFO] werkzeug: 127.0.0.1 - - [07/Oct/2025 13:32:08] "[36mGET /static/img/simulation.jpg HTTP/1.1[0m" 304 -
2025-10-07 13:32:08,469 [INFO] werkzeug: 127.0.0.1 - - [07/Oct/2025 13:32:08] "[36mGET /static/img/drone-drop.jpg HTTP/1.1[0m" 304 -
2025-10-07 13:33:24,301 [INFO] werkzeug: [31m[1mWARNING: This is a development server. Do not use it in a production deployment. Use a production WSGI server instead.[0m
 * Running on all addresses (0.0.0.0)
 * Running on https://127.0.0.1:8445
 * Running on https://172.30.1.17:8445
2025-10-07 13:33:24,301 [INFO] werkzeug: [33mPress CTRL+C to quit[0m
2025-10-07 13:33:28,488 [INFO] werkzeug: 127.0.0.1 - - [07/Oct/2025 13:33:28] "GET / HTTP/1.1" 200 -
2025-10-07 13:33:28,516 [INFO] werkzeug: 127.0.0.1 - - [07/Oct/2025 13:33:28] "[36mGET /static/img/sns.png HTTP/1.1[0m" 304 -
2025-10-07 13:33:28,517 [INFO] werkzeug: 127.0.0.1 - - [07/Oct/2025 13:33:28] "[36mGET /static/img/sensor.jpg HTTP/1.1[0m" 304 -
2025-10-07 13:33:28,519 [INFO] werkzeug: 127.0.0.1 - - [07/Oct/2025 13:33:28] "[36mGET /static/img/gcs.jpg HTTP/1.1[0m" 304 -
2025-10-07 13:33:28,521 [INFO] werkzeug: 127.0.0.1 - - [07/Oct/2025 13:33:28] "[36mGET /static/img/simulation.jpg HTTP/1.1[0m" 304 -
2025-10-07 13:33:28,523 [INFO] werkzeug: 127.0.0.1 - - [07/Oct/2025 13:33:28] "[36mGET /static/img/drone-drop.jpg HTTP/1.1[0m" 304 -
2025-10-07 13:46:23,813 [INFO] werkzeug: [31m[1mWARNING: This is a development server. Do not use it in a production deployment. Use a production WSGI server instead.[0m
 * Running on all addresses (0.0.0.0)
 * Running on https://127.0.0.1:8445
 * Running on https://172.30.1.17:8445
2025-10-07 13:46:23,813 [INFO] werkzeug: [33mPress CTRL+C to quit[0m
2025-10-07 13:46:28,074 [INFO] werkzeug: 127.0.0.1 - - [07/Oct/2025 13:46:28] "GET / HTTP/1.1" 200 -
2025-10-07 13:46:28,101 [INFO] werkzeug: 127.0.0.1 - - [07/Oct/2025 13:46:28] "[36mGET /static/img/gcs.jpg HTTP/1.1[0m" 304 -
2025-10-07 13:46:28,103 [INFO] werkzeug: 127.0.0.1 - - [07/Oct/2025 13:46:28] "[36mGET /static/img/simulation.jpg HTTP/1.1[0m" 304 -
2025-10-07 13:46:28,106 [INFO] werkzeug: 127.0.0.1 - - [07/Oct/2025 13:46:28] "[36mGET /static/img/sns.png HTTP/1.1[0m" 304 -
2025-10-07 13:46:28,108 [INFO] werkzeug: 127.0.0.1 - - [07/Oct/2025 13:46:28] "[36mGET /static/img/sensor.jpg HTTP/1.1[0m" 304 -
2025-10-07 13:46:28,110 [INFO] werkzeug: 127.0.0.1 - - [07/Oct/2025 13:46:28] "[36mGET /static/img/drone-drop.jpg HTTP/1.1[0m" 304 -
2025-10-07 14:51:59,311 [INFO] werkzeug: [31m[1mWARNING: This is a development server. Do not use it in a production deployment. Use a production WSGI server instead.[0m
 * Running on all addresses (0.0.0.0)
 * Running on https://127.0.0.1:8445
 * Running on https://172.30.1.17:8445
2025-10-07 14:51:59,311 [INFO] werkzeug: [33mPress CTRL+C to quit[0m
2025-10-07 14:52:04,373 [INFO] werkzeug: 127.0.0.1 - - [07/Oct/2025 14:52:04] "GET / HTTP/1.1" 200 -
2025-10-07 14:52:04,402 [INFO] werkzeug: 127.0.0.1 - - [07/Oct/2025 14:52:04] "[36mGET /static/img/sensor.jpg HTTP/1.1[0m" 304 -
2025-10-07 14:52:04,404 [INFO] werkzeug: 127.0.0.1 - - [07/Oct/2025 14:52:04] "[36mGET /static/img/gcs.jpg HTTP/1.1[0m" 304 -
2025-10-07 14:52:04,406 [INFO] werkzeug: 127.0.0.1 - - [07/Oct/2025 14:52:04] "[36mGET /static/img/sns.png HTTP/1.1[0m" 304 -
2025-10-07 14:52:04,407 [INFO] werkzeug: 127.0.0.1 - - [07/Oct/2025 14:52:04] "[36mGET /static/img/simulation.jpg HTTP/1.1[0m" 304 -
2025-10-07 14:52:04,408 [INFO] werkzeug: 127.0.0.1 - - [07/Oct/2025 14:52:04] "[36mGET /static/img/drone-drop.jpg HTTP/1.1[0m" 304 -
2025-10-07 14:52:08,731 [INFO] werkzeug: 127.0.0.1 - - [07/Oct/2025 14:52:08] "GET /photo1 HTTP/1.1" 200 -
2025-10-07 14:52:17,801 [INFO] werkzeug: 127.0.0.1 - - [07/Oct/2025 14:52:17] "GET /inject HTTP/1.1" 200 -
2025-10-07 14:52:26,542 [INFO] werkzeug: 127.0.0.1 - - [07/Oct/2025 14:52:26] "GET /inject HTTP/1.1" 200 -
2025-10-07 14:52:30,583 [INFO] werkzeug: 127.0.0.1 - - [07/Oct/2025 14:52:30] "GET /static/icons/fire.png?v=2 HTTP/1.1" 200 -
2025-10-07 14:52:49,634 [ERROR] snd9: Validator missing. Install aws-sns-message-validator or set BYPASS=1 for local test.
2025-10-07 14:52:49,634 [INFO] werkzeug: 127.0.0.1 - - [07/Oct/2025 14:52:49] "[35m[1mPOST /sns HTTP/1.1[0m" 500 -
2025-10-07 14:52:49,645 [INFO] snd9: [inject] /sns responded 500 server not ready
2025-10-07 14:52:49,646 [INFO] werkzeug: 127.0.0.1 - - [07/Oct/2025 14:52:49] "POST /api/inject HTTP/1.1" 200 -
2025-10-07 14:53:53,379 [ERROR] snd9: Validator missing. Install aws-sns-message-validator or set BYPASS=1 for local test.
2025-10-07 14:53:53,380 [INFO] werkzeug: 127.0.0.1 - - [07/Oct/2025 14:53:53] "[35m[1mPOST /sns HTTP/1.1[0m" 500 -
2025-10-07 14:53:53,390 [INFO] snd9: [inject] /sns responded 500 server not ready
2025-10-07 14:53:53,391 [INFO] werkzeug: 127.0.0.1 - - [07/Oct/2025 14:53:53] "POST /api/inject HTTP/1.1" 200 -
2025-10-07 14:54:19,130 [INFO] werkzeug: 127.0.0.1 - - [07/Oct/2025 14:54:19] "GET /photo2 HTTP/1.1" 200 -
2025-10-07 14:54:32,793 [INFO] werkzeug: 127.0.0.1 - - [07/Oct/2025 14:54:32] "GET /inject HTTP/1.1" 200 -
2025-10-07 14:54:35,268 [INFO] werkzeug: 127.0.0.1 - - [07/Oct/2025 14:54:35] "[36mGET /static/icons/fire.png?v=2 HTTP/1.1[0m" 304 -
2025-10-07 14:54:38,512 [ERROR] snd9: Validator missing. Install aws-sns-message-validator or set BYPASS=1 for local test.
2025-10-07 14:54:38,512 [INFO] werkzeug: 127.0.0.1 - - [07/Oct/2025 14:54:38] "[35m[1mPOST /sns HTTP/1.1[0m" 500 -
2025-10-07 14:54:38,522 [INFO] snd9: [inject] /sns responded 500 server not ready
2025-10-07 14:54:38,523 [INFO] werkzeug: 127.0.0.1 - - [07/Oct/2025 14:54:38] "POST /api/inject HTTP/1.1" 200 -
2025-10-07 14:55:03,860 [INFO] werkzeug: [31m[1mWARNING: This is a development server. Do not use it in a production deployment. Use a production WSGI server instead.[0m
 * Running on all addresses (0.0.0.0)
 * Running on https://127.0.0.1:8445
 * Running on https://172.30.1.17:8445
2025-10-07 14:55:03,861 [INFO] werkzeug: [33mPress CTRL+C to quit[0m
2025-10-07 14:55:10,157 [INFO] werkzeug: 127.0.0.1 - - [07/Oct/2025 14:55:10] "GET /inject HTTP/1.1" 200 -
2025-10-07 14:55:12,282 [INFO] werkzeug: 127.0.0.1 - - [07/Oct/2025 14:55:12] "[36mGET /static/icons/fire.png?v=2 HTTP/1.1[0m" 304 -
2025-10-07 14:55:14,463 [INFO] snd8: [inject] relaying to /sns with headers=text/plain, len=411
2025-10-07 14:55:14,468 [INFO] t26: SNS raw body: {"Type":"Notification","MessageId":"msg-123","TopicArn":"arn:aws:sns:us-west-2:123456789012:MyTopic","Message":"{\"DeviceID\":\"demo-01\",\"ActivityType\":1,\"Message\":\"Fire Alert\",\"Timestamp\":\"2012-05-02T00:54:06.655Z\",\"Latitude\":37.469758,\"Longitude\":127.026508}","Timestamp":"2025-09-03T12:00:00.000Z","SignatureVersion":"1","Signature":"FAKE","SigningCertURL":"https://example.com/fake-cert.pem"}
2025-10-07 14:55:14,468 [INFO] t26: SNS headers: {'Host': '127.0.0.1:8443', 'User-Agent': 'python-requests/2.32.5', 'Accept-Encoding': 'gzip, deflate', 'Accept': '*/*', 'Connection': 'keep-alive', 'Content-Type': 'text/plain', 'X-Amz-Sns-Message-Type': 'Notification', 'Content-Length': '411'}
2025-10-07 14:55:14,469 [INFO] t26: 📩 SNS Notification stored
2025-10-07 14:55:14,479 [INFO] snd8: [inject] /sns responded 200 ok
2025-10-07 14:55:14,480 [INFO] werkzeug: 127.0.0.1 - - [07/Oct/2025 14:55:14] "POST /api/inject HTTP/1.1" 200 -
2025-10-07 15:01:34,452 [INFO] werkzeug: [31m[1mWARNING: This is a development server. Do not use it in a production deployment. Use a production WSGI server instead.[0m
 * Running on all addresses (0.0.0.0)
 * Running on https://127.0.0.1:8445
 * Running on https://172.30.1.17:8445
2025-10-07 15:01:34,452 [INFO] werkzeug: [33mPress CTRL+C to quit[0m
2025-10-07 15:01:51,074 [INFO] werkzeug: 127.0.0.1 - - [07/Oct/2025 15:01:51] "GET /inject HTTP/1.1" 200 -
2025-10-07 15:01:53,147 [INFO] werkzeug: 127.0.0.1 - - [07/Oct/2025 15:01:53] "[36mGET /static/icons/fire.png?v=2 HTTP/1.1[0m" 304 -
2025-10-07 15:01:55,448 [INFO] snd10: [inject] relaying to /sns with headers=text/plain, len=411
2025-10-07 15:01:55,454 [INFO] t26: SNS raw body: {"Type":"Notification","MessageId":"msg-123","TopicArn":"arn:aws:sns:us-west-2:123456789012:MyTopic","Message":"{\"DeviceID\":\"demo-01\",\"ActivityType\":1,\"Message\":\"Fire Alert\",\"Timestamp\":\"2012-05-02T00:54:06.655Z\",\"Latitude\":37.530771,\"Longitude\":126.778003}","Timestamp":"2025-09-03T12:00:00.000Z","SignatureVersion":"1","Signature":"FAKE","SigningCertURL":"https://example.com/fake-cert.pem"}
2025-10-07 15:01:55,454 [INFO] t26: SNS headers: {'Host': '127.0.0.1:8443', 'User-Agent': 'python-requests/2.32.5', 'Accept-Encoding': 'gzip, deflate', 'Accept': '*/*', 'Connection': 'keep-alive', 'Content-Type': 'text/plain', 'X-Amz-Sns-Message-Type': 'Notification', 'Content-Length': '411'}
2025-10-07 15:01:55,454 [INFO] t26: 📩 SNS Notification stored
2025-10-07 15:01:55,465 [INFO] snd10: [inject] /sns responded 200 ok
2025-10-07 15:01:55,465 [INFO] werkzeug: 127.0.0.1 - - [07/Oct/2025 15:01:55] "POST /api/inject HTTP/1.1" 200 -
2025-10-07 15:02:20,585 [INFO] snd10: [inject] relaying to /sns with headers=text/plain, len=411
2025-10-07 15:02:20,588 [INFO] t26: SNS raw body: {"Type":"Notification","MessageId":"msg-123","TopicArn":"arn:aws:sns:us-west-2:123456789012:MyTopic","Message":"{\"DeviceID\":\"demo-01\",\"ActivityType\":1,\"Message\":\"Fire Alert\",\"Timestamp\":\"2012-05-02T00:54:06.655Z\",\"Latitude\":37.530771,\"Longitude\":126.778003}","Timestamp":"2025-09-03T12:00:00.000Z","SignatureVersion":"1","Signature":"FAKE","SigningCertURL":"https://example.com/fake-cert.pem"}
2025-10-07 15:02:20,588 [INFO] t26: SNS headers: {'Host': '127.0.0.1:8443', 'User-Agent': 'python-requests/2.32.5', 'Accept-Encoding': 'gzip, deflate', 'Accept': '*/*', 'Connection': 'keep-alive', 'Content-Type': 'text/plain', 'X-Amz-Sns-Message-Type': 'Notification', 'Content-Length': '411'}
2025-10-07 15:02:20,588 [INFO] t26: 📩 SNS Notification stored
2025-10-07 15:02:20,599 [INFO] snd10: [inject] /sns responded 200 ok
2025-10-07 15:02:20,599 [INFO] werkzeug: 127.0.0.1 - - [07/Oct/2025 15:02:20] "POST /api/inject HTTP/1.1" 200 -
2025-10-07 15:09:56,817 [INFO] werkzeug: [31m[1mWARNING: This is a development server. Do not use it in a production deployment. Use a production WSGI server instead.[0m
 * Running on all addresses (0.0.0.0)
 * Running on https://127.0.0.1:8445
 * Running on https://172.30.1.17:8445
2025-10-07 15:09:56,817 [INFO] werkzeug: [33mPress CTRL+C to quit[0m
2025-10-07 15:10:04,867 [INFO] werkzeug: 127.0.0.1 - - [07/Oct/2025 15:10:04] "GET / HTTP/1.1" 200 -
2025-10-07 15:10:04,894 [INFO] werkzeug: 127.0.0.1 - - [07/Oct/2025 15:10:04] "GET /static/img/sns.png HTTP/1.1" 200 -
2025-10-07 15:10:04,896 [INFO] werkzeug: 127.0.0.1 - - [07/Oct/2025 15:10:04] "GET /static/img/sensor.jpg HTTP/1.1" 200 -
2025-10-07 15:10:04,897 [INFO] werkzeug: 127.0.0.1 - - [07/Oct/2025 15:10:04] "GET /static/img/gcs.jpg HTTP/1.1" 200 -
2025-10-07 15:10:04,902 [INFO] werkzeug: 127.0.0.1 - - [07/Oct/2025 15:10:04] "GET /static/img/simulation.jpg HTTP/1.1" 200 -
2025-10-07 15:10:04,905 [INFO] werkzeug: 127.0.0.1 - - [07/Oct/2025 15:10:04] "GET /static/img/drone-drop.jpg HTTP/1.1" 200 -
2025-10-07 15:10:06,525 [INFO] werkzeug: 127.0.0.1 - - [07/Oct/2025 15:10:06] "GET / HTTP/1.1" 200 -
2025-10-07 15:10:06,552 [INFO] werkzeug: 127.0.0.1 - - [07/Oct/2025 15:10:06] "[36mGET /static/img/sns.png HTTP/1.1[0m" 304 -
2025-10-07 15:10:06,553 [INFO] werkzeug: 127.0.0.1 - - [07/Oct/2025 15:10:06] "[36mGET /static/img/sensor.jpg HTTP/1.1[0m" 304 -
2025-10-07 15:10:06,555 [INFO] werkzeug: 127.0.0.1 - - [07/Oct/2025 15:10:06] "[36mGET /static/img/gcs.jpg HTTP/1.1[0m" 304 -
2025-10-07 15:10:06,556 [INFO] werkzeug: 127.0.0.1 - - [07/Oct/2025 15:10:06] "[36mGET /static/img/simulation.jpg HTTP/1.1[0m" 304 -
2025-10-07 15:10:06,558 [INFO] werkzeug: 127.0.0.1 - - [07/Oct/2025 15:10:06] "[36mGET /static/img/drone-drop.jpg HTTP/1.1[0m" 304 -
2025-10-07 15:10:09,027 [INFO] werkzeug: 127.0.0.1 - - [07/Oct/2025 15:10:09] "GET /inject HTTP/1.1" 200 -
2025-10-07 15:10:10,933 [INFO] werkzeug: 127.0.0.1 - - [07/Oct/2025 15:10:10] "[36mGET /static/icons/fire.png?v=2 HTTP/1.1[0m" 304 -
2025-10-07 15:10:14,326 [ERROR] snd9: Validator missing. Install aws-sns-message-validator or set BYPASS=1 for local test.
2025-10-07 15:10:14,326 [INFO] werkzeug: 127.0.0.1 - - [07/Oct/2025 15:10:14] "[35m[1mPOST /sns HTTP/1.1[0m" 500 -
2025-10-07 15:10:14,336 [INFO] snd9: [inject] /sns responded 500 server not ready
2025-10-07 15:10:14,337 [INFO] werkzeug: 127.0.0.1 - - [07/Oct/2025 15:10:14] "POST /api/inject HTTP/1.1" 200 -
2025-10-07 15:10:40,406 [INFO] werkzeug: 127.0.0.1 - - [07/Oct/2025 15:10:40] "GET /photo1 HTTP/1.1" 200 -
2025-10-07 15:16:44,152 [INFO] werkzeug: [31m[1mWARNING: This is a development server. Do not use it in a production deployment. Use a production WSGI server instead.[0m
 * Running on all addresses (0.0.0.0)
 * Running on https://127.0.0.1:8445
 * Running on https://172.30.1.17:8445
2025-10-07 15:16:44,152 [INFO] werkzeug: [33mPress CTRL+C to quit[0m
2025-10-07 15:16:49,385 [INFO] werkzeug: 127.0.0.1 - - [07/Oct/2025 15:16:49] "[33mGET /photo1 HTTP/1.1[0m" 404 -
2025-10-07 15:16:57,824 [INFO] werkzeug: 127.0.0.1 - - [07/Oct/2025 15:16:57] "GET / HTTP/1.1" 200 -
2025-10-07 15:16:57,870 [INFO] werkzeug: 127.0.0.1 - - [07/Oct/2025 15:16:57] "[36mGET /static/img/sns.png HTTP/1.1[0m" 304 -
2025-10-07 15:16:57,872 [INFO] werkzeug: 127.0.0.1 - - [07/Oct/2025 15:16:57] "[36mGET /static/img/sensor.jpg HTTP/1.1[0m" 304 -
2025-10-07 15:16:57,874 [INFO] werkzeug: 127.0.0.1 - - [07/Oct/2025 15:16:57] "[36mGET /static/img/gcs.jpg HTTP/1.1[0m" 304 -
2025-10-07 15:16:57,876 [INFO] werkzeug: 127.0.0.1 - - [07/Oct/2025 15:16:57] "[36mGET /static/img/simulation.jpg HTTP/1.1[0m" 304 -
2025-10-07 15:16:57,877 [INFO] werkzeug: 127.0.0.1 - - [07/Oct/2025 15:16:57] "[36mGET /static/img/drone-drop.jpg HTTP/1.1[0m" 304 -
2025-10-07 15:17:02,047 [INFO] werkzeug: 127.0.0.1 - - [07/Oct/2025 15:17:02] "GET /inject HTTP/1.1" 200 -
2025-10-07 15:17:22,914 [INFO] werkzeug: 127.0.0.1 - - [07/Oct/2025 15:17:22] "[36mGET /static/icons/fire.png?v=2 HTTP/1.1[0m" 304 -
2025-10-07 15:17:26,121 [INFO] snd10: [inject] relaying to /sns with headers=text/plain, len=410
2025-10-07 15:17:26,127 [INFO] t26: SNS raw body: {"Type":"Notification","MessageId":"msg-123","TopicArn":"arn:aws:sns:us-west-2:123456789012:MyTopic","Message":"{\"DeviceID\":\"demo-01\",\"ActivityType\":1,\"Message\":\"Fire Alert\",\"Timestamp\":\"2012-05-02T00:54:06.655Z\",\"Latitude\":37.550371,\"Longitude\":126.88784}","Timestamp":"2025-09-03T12:00:00.000Z","SignatureVersion":"1","Signature":"FAKE","SigningCertURL":"https://example.com/fake-cert.pem"}
2025-10-07 15:17:26,127 [INFO] t26: SNS headers: {'Host': '127.0.0.1:8443', 'User-Agent': 'python-requests/2.32.5', 'Accept-Encoding': 'gzip, deflate', 'Accept': '*/*', 'Connection': 'keep-alive', 'Content-Type': 'text/plain', 'X-Amz-Sns-Message-Type': 'Notification', 'Content-Length': '410'}
2025-10-07 15:17:26,127 [INFO] t26: 📩 SNS Notification stored
2025-10-07 15:17:26,138 [INFO] snd10: [inject] /sns responded 200 ok
2025-10-07 15:17:26,138 [INFO] werkzeug: 127.0.0.1 - - [07/Oct/2025 15:17:26] "POST /api/inject HTTP/1.1" 200 -
2025-10-07 15:17:59,437 [INFO] werkzeug: 127.0.0.1 - - [07/Oct/2025 15:17:59] "[33mGET /photo1 HTTP/1.1[0m" 404 -
2025-10-07 15:20:00,646 [INFO] werkzeug: [31m[1mWARNING: This is a development server. Do not use it in a production deployment. Use a production WSGI server instead.[0m
 * Running on all addresses (0.0.0.0)
 * Running on https://127.0.0.1:8445
 * Running on https://172.30.1.17:8445
2025-10-07 15:20:00,646 [INFO] werkzeug: [33mPress CTRL+C to quit[0m
2025-10-07 15:20:08,200 [INFO] werkzeug: 127.0.0.1 - - [07/Oct/2025 15:20:08] "GET / HTTP/1.1" 200 -
2025-10-07 15:20:08,229 [INFO] werkzeug: 127.0.0.1 - - [07/Oct/2025 15:20:08] "[36mGET /static/img/sns.png HTTP/1.1[0m" 304 -
2025-10-07 15:20:08,231 [INFO] werkzeug: 127.0.0.1 - - [07/Oct/2025 15:20:08] "[36mGET /static/img/sensor.jpg HTTP/1.1[0m" 304 -
2025-10-07 15:20:08,233 [INFO] werkzeug: 127.0.0.1 - - [07/Oct/2025 15:20:08] "[36mGET /static/img/gcs.jpg HTTP/1.1[0m" 304 -
2025-10-07 15:20:08,234 [INFO] werkzeug: 127.0.0.1 - - [07/Oct/2025 15:20:08] "[36mGET /static/img/simulation.jpg HTTP/1.1[0m" 304 -
2025-10-07 15:20:08,236 [INFO] werkzeug: 127.0.0.1 - - [07/Oct/2025 15:20:08] "[36mGET /static/img/drone-drop.jpg HTTP/1.1[0m" 304 -
2025-10-07 15:20:28,384 [INFO] werkzeug: 127.0.0.1 - - [07/Oct/2025 15:20:28] "GET /inject HTTP/1.1" 200 -
2025-10-07 15:20:30,525 [INFO] werkzeug: 127.0.0.1 - - [07/Oct/2025 15:20:30] "[36mGET /static/icons/fire.png?v=2 HTTP/1.1[0m" 304 -
2025-10-07 15:20:33,375 [ERROR] snd10: Validator missing. Install aws-sns-message-validator or set BYPASS=1 for local test.
2025-10-07 15:20:33,375 [INFO] werkzeug: 127.0.0.1 - - [07/Oct/2025 15:20:33] "[35m[1mPOST /sns HTTP/1.1[0m" 500 -
2025-10-07 15:20:33,386 [INFO] snd10: [inject] /sns responded 500 server not ready
2025-10-07 15:20:33,386 [INFO] werkzeug: 127.0.0.1 - - [07/Oct/2025 15:20:33] "POST /api/inject HTTP/1.1" 200 -
2025-10-07 15:21:33,632 [INFO] werkzeug: [31m[1mWARNING: This is a development server. Do not use it in a production deployment. Use a production WSGI server instead.[0m
 * Running on all addresses (0.0.0.0)
 * Running on https://127.0.0.1:8445
 * Running on https://172.30.1.17:8445
2025-10-07 15:21:33,632 [INFO] werkzeug: [33mPress CTRL+C to quit[0m
2025-10-07 15:21:36,937 [INFO] werkzeug: 127.0.0.1 - - [07/Oct/2025 15:21:36] "GET /inject HTTP/1.1" 200 -
2025-10-07 15:24:19,421 [INFO] werkzeug: 127.0.0.1 - - [07/Oct/2025 15:24:19] "GET /static/icons/fire.png?v=2 HTTP/1.1" 200 -
2025-10-07 15:24:26,036 [ERROR] snd10: Validator missing. Install aws-sns-message-validator or set BYPASS=1 for local test.
2025-10-07 15:24:26,036 [INFO] werkzeug: 127.0.0.1 - - [07/Oct/2025 15:24:26] "[35m[1mPOST /sns HTTP/1.1[0m" 500 -
2025-10-07 15:24:26,047 [INFO] snd10: [inject] /sns responded 500 server not ready
2025-10-07 15:24:26,048 [INFO] werkzeug: 127.0.0.1 - - [07/Oct/2025 15:24:26] "POST /api/inject HTTP/1.1" 200 -
2025-10-07 15:26:03,723 [INFO] werkzeug: [31m[1mWARNING: This is a development server. Do not use it in a production deployment. Use a production WSGI server instead.[0m
 * Running on all addresses (0.0.0.0)
 * Running on https://127.0.0.1:8445
 * Running on https://172.30.1.17:8445
2025-10-07 15:26:03,723 [INFO] werkzeug: [33mPress CTRL+C to quit[0m
2025-10-07 15:26:11,400 [INFO] werkzeug: 127.0.0.1 - - [07/Oct/2025 15:26:11] "GET /inject HTTP/1.1" 200 -
2025-10-07 15:26:13,521 [INFO] werkzeug: 127.0.0.1 - - [07/Oct/2025 15:26:13] "[36mGET /static/icons/fire.png?v=2 HTTP/1.1[0m" 304 -
2025-10-07 15:26:16,399 [ERROR] snd10: Validator missing. Install aws-sns-message-validator or set BYPASS=1 for local test.
2025-10-07 15:26:16,400 [INFO] werkzeug: 127.0.0.1 - - [07/Oct/2025 15:26:16] "[35m[1mPOST /sns HTTP/1.1[0m" 500 -
2025-10-07 15:26:16,410 [INFO] snd10: [inject] /sns responded 500 server not ready
2025-10-07 15:26:16,410 [INFO] werkzeug: 127.0.0.1 - - [07/Oct/2025 15:26:16] "POST /api/inject HTTP/1.1" 200 -
2025-10-07 15:27:59,883 [INFO] werkzeug: [31m[1mWARNING: This is a development server. Do not use it in a production deployment. Use a production WSGI server instead.[0m
 * Running on all addresses (0.0.0.0)
 * Running on https://127.0.0.1:8445
 * Running on https://172.30.1.17:8445
2025-10-07 15:27:59,883 [INFO] werkzeug: [33mPress CTRL+C to quit[0m
2025-10-07 15:28:04,441 [INFO] werkzeug: 127.0.0.1 - - [07/Oct/2025 15:28:04] "GET /inject HTTP/1.1" 200 -
2025-10-07 15:28:06,637 [INFO] werkzeug: 127.0.0.1 - - [07/Oct/2025 15:28:06] "[36mGET /static/icons/fire.png?v=2 HTTP/1.1[0m" 304 -
2025-10-07 15:28:10,100 [ERROR] snd9: Validator missing. Install aws-sns-message-validator or set BYPASS=1 for local test.
2025-10-07 15:28:10,100 [INFO] werkzeug: 127.0.0.1 - - [07/Oct/2025 15:28:10] "[35m[1mPOST /sns HTTP/1.1[0m" 500 -
2025-10-07 15:28:10,110 [INFO] snd9: [inject] /sns responded 500 server not ready
2025-10-07 15:28:10,111 [INFO] werkzeug: 127.0.0.1 - - [07/Oct/2025 15:28:10] "POST /api/inject HTTP/1.1" 200 -
2025-10-07 15:30:03,956 [INFO] werkzeug: [31m[1mWARNING: This is a development server. Do not use it in a production deployment. Use a production WSGI server instead.[0m
 * Running on all addresses (0.0.0.0)
 * Running on https://127.0.0.1:8445
 * Running on https://172.30.1.17:8445
2025-10-07 15:30:03,956 [INFO] werkzeug: [33mPress CTRL+C to quit[0m
2025-10-07 15:30:07,324 [INFO] werkzeug: 127.0.0.1 - - [07/Oct/2025 15:30:07] "GET /inject HTTP/1.1" 200 -
2025-10-07 15:30:14,343 [INFO] werkzeug: 127.0.0.1 - - [07/Oct/2025 15:30:14] "GET /inject HTTP/1.1" 200 -
2025-10-07 15:30:16,129 [INFO] werkzeug: 127.0.0.1 - - [07/Oct/2025 15:30:16] "GET /static/icons/fire.png?v=2 HTTP/1.1" 200 -
2025-10-07 15:30:19,276 [INFO] snd9: [inject] relaying to /sns with headers=text/plain, len=411
2025-10-07 15:30:19,283 [INFO] t26: SNS raw body: {"Type":"Notification","MessageId":"msg-123","TopicArn":"arn:aws:sns:us-west-2:123456789012:MyTopic","Message":"{\"DeviceID\":\"demo-01\",\"ActivityType\":1,\"Message\":\"Fire Alert\",\"Timestamp\":\"2012-05-02T00:54:06.655Z\",\"Latitude\":37.539483,\"Longitude\":126.985319}","Timestamp":"2025-09-03T12:00:00.000Z","SignatureVersion":"1","Signature":"FAKE","SigningCertURL":"https://example.com/fake-cert.pem"}
2025-10-07 15:30:19,283 [INFO] t26: SNS headers: {'Host': '127.0.0.1:8443', 'User-Agent': 'python-requests/2.32.5', 'Accept-Encoding': 'gzip, deflate', 'Accept': '*/*', 'Connection': 'keep-alive', 'Content-Type': 'text/plain', 'X-Amz-Sns-Message-Type': 'Notification', 'Content-Length': '411'}
2025-10-07 15:30:19,283 [INFO] t26: 📩 SNS Notification stored
2025-10-07 15:30:19,294 [INFO] snd9: [inject] /sns responded 200 ok
2025-10-07 15:30:19,294 [INFO] werkzeug: 127.0.0.1 - - [07/Oct/2025 15:30:19] "POST /api/inject HTTP/1.1" 200 -
2025-10-07 15:30:50,945 [INFO] werkzeug: [31m[1mWARNING: This is a development server. Do not use it in a production deployment. Use a production WSGI server instead.[0m
 * Running on all addresses (0.0.0.0)
 * Running on https://127.0.0.1:8445
 * Running on https://172.30.1.17:8445
2025-10-07 15:30:50,945 [INFO] werkzeug: [33mPress CTRL+C to quit[0m
2025-10-07 15:30:54,565 [INFO] werkzeug: 127.0.0.1 - - [07/Oct/2025 15:30:54] "GET / HTTP/1.1" 200 -
2025-10-07 15:30:54,596 [INFO] werkzeug: 127.0.0.1 - - [07/Oct/2025 15:30:54] "[36mGET /static/img/sns.png HTTP/1.1[0m" 304 -
2025-10-07 15:30:54,598 [INFO] werkzeug: 127.0.0.1 - - [07/Oct/2025 15:30:54] "[36mGET /static/img/sensor.jpg HTTP/1.1[0m" 304 -
2025-10-07 15:30:54,600 [INFO] werkzeug: 127.0.0.1 - - [07/Oct/2025 15:30:54] "[36mGET /static/img/gcs.jpg HTTP/1.1[0m" 304 -
2025-10-07 15:30:54,602 [INFO] werkzeug: 127.0.0.1 - - [07/Oct/2025 15:30:54] "[36mGET /static/img/simulation.jpg HTTP/1.1[0m" 304 -
2025-10-07 15:30:54,603 [INFO] werkzeug: 127.0.0.1 - - [07/Oct/2025 15:30:54] "[36mGET /static/img/drone-drop.jpg HTTP/1.1[0m" 304 -
2025-10-07 15:31:14,802 [INFO] werkzeug: 127.0.0.1 - - [07/Oct/2025 15:31:14] "GET / HTTP/1.1" 200 -
2025-10-07 15:31:14,852 [INFO] werkzeug: 127.0.0.1 - - [07/Oct/2025 15:31:14] "[36mGET /static/img/sns.png HTTP/1.1[0m" 304 -
2025-10-07 15:31:14,855 [INFO] werkzeug: 127.0.0.1 - - [07/Oct/2025 15:31:14] "[36mGET /static/img/simulation.jpg HTTP/1.1[0m" 304 -
2025-10-07 15:31:14,857 [INFO] werkzeug: 127.0.0.1 - - [07/Oct/2025 15:31:14] "[36mGET /static/img/sensor.jpg HTTP/1.1[0m" 304 -
2025-10-07 15:31:14,860 [INFO] werkzeug: 127.0.0.1 - - [07/Oct/2025 15:31:14] "[36mGET /static/img/gcs.jpg HTTP/1.1[0m" 304 -
2025-10-07 15:31:14,863 [INFO] werkzeug: 127.0.0.1 - - [07/Oct/2025 15:31:14] "[36mGET /static/img/drone-drop.jpg HTTP/1.1[0m" 304 -
2025-10-07 15:31:17,225 [INFO] werkzeug: 127.0.0.1 - - [07/Oct/2025 15:31:17] "GET /inject HTTP/1.1" 200 -
2025-10-07 15:31:19,298 [INFO] werkzeug: 127.0.0.1 - - [07/Oct/2025 15:31:19] "[36mGET /static/icons/fire.png?v=2 HTTP/1.1[0m" 304 -
2025-10-07 15:31:22,118 [ERROR] snd10: Validator missing. Install aws-sns-message-validator or set BYPASS=1 for local test.
2025-10-07 15:31:22,119 [INFO] werkzeug: 127.0.0.1 - - [07/Oct/2025 15:31:22] "[35m[1mPOST /sns HTTP/1.1[0m" 500 -
2025-10-07 15:31:22,129 [INFO] snd10: [inject] /sns responded 500 server not ready
2025-10-07 15:31:22,130 [INFO] werkzeug: 127.0.0.1 - - [07/Oct/2025 15:31:22] "POST /api/inject HTTP/1.1" 200 -
2025-10-07 15:35:42,259 [INFO] werkzeug: [31m[1mWARNING: This is a development server. Do not use it in a production deployment. Use a production WSGI server instead.[0m
 * Running on all addresses (0.0.0.0)
 * Running on https://127.0.0.1:8445
 * Running on https://172.30.1.17:8445
2025-10-07 15:35:42,259 [INFO] werkzeug: [33mPress CTRL+C to quit[0m
2025-10-07 15:35:45,916 [INFO] werkzeug: 127.0.0.1 - - [07/Oct/2025 15:35:45] "GET /inject HTTP/1.1" 200 -
2025-10-07 15:36:03,515 [INFO] werkzeug: 127.0.0.1 - - [07/Oct/2025 15:36:03] "GET /static/icons/fire.png?v=2 HTTP/1.1" 200 -
2025-10-07 15:36:09,905 [ERROR] snd10: Validator missing. Install aws-sns-message-validator or set BYPASS=1 for local test.
2025-10-07 15:36:09,905 [INFO] werkzeug: 127.0.0.1 - - [07/Oct/2025 15:36:09] "[35m[1mPOST /sns HTTP/1.1[0m" 500 -
2025-10-07 15:36:09,915 [INFO] snd10: [inject] /sns responded 500 server not ready
2025-10-07 15:36:09,916 [INFO] werkzeug: 127.0.0.1 - - [07/Oct/2025 15:36:09] "POST /api/inject HTTP/1.1" 200 -
2025-10-07 15:37:09,791 [INFO] werkzeug: [31m[1mWARNING: This is a development server. Do not use it in a production deployment. Use a production WSGI server instead.[0m
 * Running on all addresses (0.0.0.0)
 * Running on https://127.0.0.1:8445
 * Running on https://172.30.1.17:8445
2025-10-07 15:37:09,791 [INFO] werkzeug: [33mPress CTRL+C to quit[0m
2025-10-07 15:37:14,041 [INFO] werkzeug: 127.0.0.1 - - [07/Oct/2025 15:37:14] "GET /inject HTTP/1.1" 200 -
2025-10-07 15:37:22,462 [INFO] werkzeug: 127.0.0.1 - - [07/Oct/2025 15:37:22] "[36mGET /static/icons/fire.png?v=2 HTTP/1.1[0m" 304 -
2025-10-07 15:37:25,176 [INFO] t26: SNS raw body: {"Type":"Notification","MessageId":"msg-123","TopicArn":"arn:aws:sns:us-west-2:123456789012:MyTopic","Message":"{\"DeviceID\":\"demo-01\",\"ActivityType\":1,\"Message\":\"Fire Alert\",\"Timestamp\":\"2012-05-02T00:54:06.655Z\",\"Latitude\":37.50245,\"Longitude\":126.831548}","Timestamp":"2025-09-03T12:00:00.000Z","SignatureVersion":"1","Signature":"FAKE","SigningCertURL":"https://example.com/fake-cert.pem"}
2025-10-07 15:37:25,176 [INFO] t26: SNS headers: {'Host': '127.0.0.1:8443', 'User-Agent': 'python-requests/2.32.5', 'Accept-Encoding': 'gzip, deflate', 'Accept': '*/*', 'Connection': 'keep-alive', 'Content-Type': 'text/plain', 'X-Amz-Sns-Message-Type': 'Notification', 'Content-Length': '410'}
2025-10-07 15:37:25,177 [INFO] t26: 📩 SNS Notification stored
2025-10-07 15:37:25,187 [INFO] snd10: [inject] /sns responded 200 ok
2025-10-07 15:37:25,188 [INFO] werkzeug: 127.0.0.1 - - [07/Oct/2025 15:37:25] "POST /api/inject HTTP/1.1" 200 -
2025-10-07 15:38:07,348 [INFO] werkzeug: 127.0.0.1 - - [07/Oct/2025 15:38:07] "GET /photo1 HTTP/1.1" 200 -
2025-10-07 15:38:53,684 [INFO] werkzeug: 127.0.0.1 - - [07/Oct/2025 15:38:53] "GET /inject HTTP/1.1" 200 -
2025-10-07 15:39:03,811 [INFO] werkzeug: 127.0.0.1 - - [07/Oct/2025 15:39:03] "GET /photo1 HTTP/1.1" 200 -
2025-10-07 15:44:08,067 [INFO] werkzeug: 127.0.0.1 - - [07/Oct/2025 15:44:08] "GET /photo2 HTTP/1.1" 200 -
2025-10-07 15:44:16,280 [INFO] werkzeug: 127.0.0.1 - - [07/Oct/2025 15:44:16] "GET /photo1 HTTP/1.1" 200 -
2025-10-07 15:44:29,720 [INFO] werkzeug: 127.0.0.1 - - [07/Oct/2025 15:44:29] "GET /inject HTTP/1.1" 200 -
2025-10-07 15:44:35,814 [INFO] werkzeug: 127.0.0.1 - - [07/Oct/2025 15:44:35] "GET /photo1 HTTP/1.1" 200 -
2025-10-07 15:52:21,922 [INFO] werkzeug: 127.0.0.1 - - [07/Oct/2025 15:52:21] "GET /inject HTTP/1.1" 200 -
2025-10-07 15:52:31,718 [INFO] werkzeug: 127.0.0.1 - - [07/Oct/2025 15:52:31] "[31m[1mGET /api/inject HTTP/1.1[0m" 405 -
2025-10-07 16:05:54,338 [INFO] werkzeug: [31m[1mWARNING: This is a development server. Do not use it in a production deployment. Use a production WSGI server instead.[0m
 * Running on all addresses (0.0.0.0)
 * Running on https://127.0.0.1:8445
 * Running on https://172.30.1.17:8445
2025-10-07 16:05:54,338 [INFO] werkzeug: [33mPress CTRL+C to quit[0m
2025-10-07 16:05:57,970 [INFO] werkzeug: 127.0.0.1 - - [07/Oct/2025 16:05:57] "GET /photo1 HTTP/1.1" 200 -
2025-10-07 16:06:33,923 [INFO] werkzeug: 127.0.0.1 - - [07/Oct/2025 16:06:33] "GET / HTTP/1.1" 200 -
2025-10-07 16:06:33,952 [INFO] werkzeug: 127.0.0.1 - - [07/Oct/2025 16:06:33] "GET /static/img/sns.png HTTP/1.1" 200 -
2025-10-07 16:06:33,955 [INFO] werkzeug: 127.0.0.1 - - [07/Oct/2025 16:06:33] "GET /static/img/simulation.jpg HTTP/1.1" 200 -
2025-10-07 16:06:33,956 [INFO] werkzeug: 127.0.0.1 - - [07/Oct/2025 16:06:33] "GET /static/img/sensor.jpg HTTP/1.1" 200 -
2025-10-07 16:06:33,959 [INFO] werkzeug: 127.0.0.1 - - [07/Oct/2025 16:06:33] "GET /static/img/gcs.jpg HTTP/1.1" 200 -
2025-10-07 16:06:33,961 [INFO] werkzeug: 127.0.0.1 - - [07/Oct/2025 16:06:33] "GET /static/img/drone-drop.jpg HTTP/1.1" 200 -
2025-10-07 16:06:37,093 [INFO] werkzeug: 127.0.0.1 - - [07/Oct/2025 16:06:37] "GET /inject HTTP/1.1" 200 -
2025-10-07 16:06:47,557 [INFO] werkzeug: 127.0.0.1 - - [07/Oct/2025 16:06:47] "GET /photo1 HTTP/1.1" 200 -
2025-10-07 16:12:30,255 [INFO] werkzeug: 127.0.0.1 - - [07/Oct/2025 16:12:30] "GET /inject HTTP/1.1" 200 -
2025-10-07 16:12:37,045 [INFO] werkzeug: 127.0.0.1 - - [07/Oct/2025 16:12:37] "GET /photo1 HTTP/1.1" 200 -
2025-10-07 16:27:25,874 [INFO] werkzeug: [31m[1mWARNING: This is a development server. Do not use it in a production deployment. Use a production WSGI server instead.[0m
 * Running on all addresses (0.0.0.0)
 * Running on https://127.0.0.1:8445
 * Running on https://172.30.1.17:8445
2025-10-07 16:27:25,874 [INFO] werkzeug: [33mPress CTRL+C to quit[0m
2025-10-07 16:27:32,606 [INFO] werkzeug: 127.0.0.1 - - [07/Oct/2025 16:27:32] "GET /photo1 HTTP/1.1" 200 -
2025-10-07 16:29:42,466 [INFO] werkzeug: [31m[1mWARNING: This is a development server. Do not use it in a production deployment. Use a production WSGI server instead.[0m
 * Running on all addresses (0.0.0.0)
 * Running on https://127.0.0.1:8445
 * Running on https://172.30.1.17:8445
2025-10-07 16:29:42,466 [INFO] werkzeug: [33mPress CTRL+C to quit[0m
2025-10-07 16:29:47,141 [INFO] werkzeug: 127.0.0.1 - - [07/Oct/2025 16:29:47] "GET /photo1 HTTP/1.1" 200 -
2025-10-07 16:30:03,224 [INFO] werkzeug: [31m[1mWARNING: This is a development server. Do not use it in a production deployment. Use a production WSGI server instead.[0m
 * Running on all addresses (0.0.0.0)
 * Running on https://127.0.0.1:8445
 * Running on https://172.30.1.17:8445
2025-10-07 16:30:03,224 [INFO] werkzeug: [33mPress CTRL+C to quit[0m
2025-10-07 16:30:06,555 [INFO] werkzeug: 127.0.0.1 - - [07/Oct/2025 16:30:06] "GET /photo1 HTTP/1.1" 200 -
2025-10-07 16:30:56,195 [INFO] werkzeug: [31m[1mWARNING: This is a development server. Do not use it in a production deployment. Use a production WSGI server instead.[0m
 * Running on all addresses (0.0.0.0)
 * Running on https://127.0.0.1:8445
 * Running on https://172.30.1.17:8445
2025-10-07 16:30:56,195 [INFO] werkzeug: [33mPress CTRL+C to quit[0m
2025-10-07 16:30:59,176 [INFO] werkzeug: 127.0.0.1 - - [07/Oct/2025 16:30:59] "GET /photo1 HTTP/1.1" 200 -
2025-10-07 16:36:57,664 [INFO] werkzeug: 127.0.0.1 - - [07/Oct/2025 16:36:57] "GET / HTTP/1.1" 200 -
2025-10-07 16:36:57,693 [INFO] werkzeug: 127.0.0.1 - - [07/Oct/2025 16:36:57] "GET /static/img/sns.png HTTP/1.1" 200 -
2025-10-07 16:36:57,696 [INFO] werkzeug: 127.0.0.1 - - [07/Oct/2025 16:36:57] "GET /static/img/simulation.jpg HTTP/1.1" 200 -
2025-10-07 16:36:57,698 [INFO] werkzeug: 127.0.0.1 - - [07/Oct/2025 16:36:57] "GET /static/img/sensor.jpg HTTP/1.1" 200 -
2025-10-07 16:36:57,701 [INFO] werkzeug: 127.0.0.1 - - [07/Oct/2025 16:36:57] "GET /static/img/gcs.jpg HTTP/1.1" 200 -
2025-10-07 16:36:57,703 [INFO] werkzeug: 127.0.0.1 - - [07/Oct/2025 16:36:57] "GET /static/img/drone-drop.jpg HTTP/1.1" 200 -
2025-10-07 16:37:00,226 [INFO] werkzeug: 127.0.0.1 - - [07/Oct/2025 16:37:00] "GET /inject HTTP/1.1" 200 -
2025-10-07 16:37:39,625 [INFO] werkzeug: 127.0.0.1 - - [07/Oct/2025 16:37:39] "GET /photo1 HTTP/1.1" 200 -
2025-10-07 16:38:41,742 [INFO] werkzeug: 127.0.0.1 - - [07/Oct/2025 16:38:41] "GET /inject HTTP/1.1" 200 -
2025-10-07 16:38:49,945 [INFO] werkzeug: 127.0.0.1 - - [07/Oct/2025 16:38:49] "GET /photo1 HTTP/1.1" 200 -
2025-10-07 16:46:10,659 [INFO] werkzeug: [31m[1mWARNING: This is a development server. Do not use it in a production deployment. Use a production WSGI server instead.[0m
 * Running on all addresses (0.0.0.0)
 * Running on https://127.0.0.1:8445
 * Running on https://172.30.1.17:8445
2025-10-07 16:46:10,660 [INFO] werkzeug: [33mPress CTRL+C to quit[0m
2025-10-07 16:46:14,748 [INFO] werkzeug: 127.0.0.1 - - [07/Oct/2025 16:46:14] "GET /photo1 HTTP/1.1" 200 -
2025-10-07 16:47:13,297 [INFO] werkzeug: [31m[1mWARNING: This is a development server. Do not use it in a production deployment. Use a production WSGI server instead.[0m
 * Running on all addresses (0.0.0.0)
 * Running on https://127.0.0.1:8445
 * Running on https://172.30.1.17:8445
2025-10-07 16:47:13,297 [INFO] werkzeug: [33mPress CTRL+C to quit[0m
2025-10-07 16:47:17,597 [INFO] werkzeug: 127.0.0.1 - - [07/Oct/2025 16:47:17] "GET /photo1 HTTP/1.1" 200 -
2025-10-07 17:03:55,508 [INFO] werkzeug: [31m[1mWARNING: This is a development server. Do not use it in a production deployment. Use a production WSGI server instead.[0m
 * Running on all addresses (0.0.0.0)
 * Running on https://127.0.0.1:8445
 * Running on https://172.30.1.17:8445
2025-10-07 17:03:55,508 [INFO] werkzeug: [33mPress CTRL+C to quit[0m
2025-10-07 17:04:01,730 [INFO] werkzeug: 127.0.0.1 - - [07/Oct/2025 17:04:01] "GET /photo1 HTTP/1.1" 200 -
2025-10-07 17:04:20,770 [INFO] werkzeug: [31m[1mWARNING: This is a development server. Do not use it in a production deployment. Use a production WSGI server instead.[0m
 * Running on all addresses (0.0.0.0)
 * Running on https://127.0.0.1:8445
 * Running on https://172.30.1.17:8445
2025-10-07 17:04:20,771 [INFO] werkzeug: [33mPress CTRL+C to quit[0m
2025-10-07 17:04:24,568 [INFO] werkzeug: 127.0.0.1 - - [07/Oct/2025 17:04:24] "GET /photo1 HTTP/1.1" 200 -
2025-10-07 17:04:26,807 [INFO] werkzeug: 127.0.0.1 - - [07/Oct/2025 17:04:26] "GET /photo1 HTTP/1.1" 200 -
2025-10-07 17:04:42,733 [INFO] werkzeug: [31m[1mWARNING: This is a development server. Do not use it in a production deployment. Use a production WSGI server instead.[0m
 * Running on all addresses (0.0.0.0)
 * Running on https://127.0.0.1:8445
 * Running on https://172.30.1.17:8445
2025-10-07 17:04:42,733 [INFO] werkzeug: [33mPress CTRL+C to quit[0m
2025-10-07 17:04:46,017 [INFO] werkzeug: 127.0.0.1 - - [07/Oct/2025 17:04:46] "GET /photo1 HTTP/1.1" 200 -
2025-10-07 17:56:14,345 [INFO] werkzeug: [31m[1mWARNING: This is a development server. Do not use it in a production deployment. Use a production WSGI server instead.[0m
 * Running on all addresses (0.0.0.0)
 * Running on https://127.0.0.1:8445
 * Running on https://172.30.1.17:8445
2025-10-07 17:56:14,345 [INFO] werkzeug: [33mPress CTRL+C to quit[0m
2025-10-07 17:56:18,174 [INFO] werkzeug: 127.0.0.1 - - [07/Oct/2025 17:56:18] "GET /photo1 HTTP/1.1" 200 -
2025-10-07 17:56:34,198 [INFO] werkzeug: [31m[1mWARNING: This is a development server. Do not use it in a production deployment. Use a production WSGI server instead.[0m
 * Running on all addresses (0.0.0.0)
 * Running on https://127.0.0.1:8445
 * Running on https://172.30.1.17:8445
2025-10-07 17:56:34,198 [INFO] werkzeug: [33mPress CTRL+C to quit[0m
2025-10-07 17:56:37,091 [INFO] werkzeug: 127.0.0.1 - - [07/Oct/2025 17:56:37] "GET /photo1 HTTP/1.1" 200 -
2025-10-07 18:34:57,819 [INFO] werkzeug: [31m[1mWARNING: This is a development server. Do not use it in a production deployment. Use a production WSGI server instead.[0m
 * Running on all addresses (0.0.0.0)
 * Running on https://127.0.0.1:8445
 * Running on https://172.30.1.17:8445
2025-10-07 18:34:57,819 [INFO] werkzeug: [33mPress CTRL+C to quit[0m
2025-10-07 18:35:01,889 [INFO] werkzeug: 127.0.0.1 - - [07/Oct/2025 18:35:01] "GET /photo1 HTTP/1.1" 200 -
2025-10-07 18:42:42,082 [INFO] werkzeug: [31m[1mWARNING: This is a development server. Do not use it in a production deployment. Use a production WSGI server instead.[0m
 * Running on all addresses (0.0.0.0)
 * Running on https://127.0.0.1:8445
 * Running on https://172.30.1.17:8445
2025-10-07 18:42:42,082 [INFO] werkzeug: [33mPress CTRL+C to quit[0m
2025-10-07 18:42:46,063 [INFO] werkzeug: 127.0.0.1 - - [07/Oct/2025 18:42:46] "GET /photo1 HTTP/1.1" 200 -
2025-10-07 18:42:48,394 [INFO] werkzeug: 127.0.0.1 - - [07/Oct/2025 18:42:48] "GET /photo1 HTTP/1.1" 200 -
2025-10-07 18:42:49,792 [INFO] werkzeug: 127.0.0.1 - - [07/Oct/2025 18:42:49] "GET /photo1 HTTP/1.1" 200 -
2025-10-07 18:43:24,242 [INFO] werkzeug: [31m[1mWARNING: This is a development server. Do not use it in a production deployment. Use a production WSGI server instead.[0m
 * Running on all addresses (0.0.0.0)
 * Running on https://127.0.0.1:8445
 * Running on https://172.30.1.17:8445
2025-10-07 18:43:24,242 [INFO] werkzeug: [33mPress CTRL+C to quit[0m
2025-10-07 18:43:27,720 [INFO] werkzeug: 127.0.0.1 - - [07/Oct/2025 18:43:27] "GET /photo1 HTTP/1.1" 200 -
2025-10-07 18:48:11,041 [INFO] werkzeug: [31m[1mWARNING: This is a development server. Do not use it in a production deployment. Use a production WSGI server instead.[0m
 * Running on all addresses (0.0.0.0)
 * Running on https://127.0.0.1:8445
 * Running on https://172.30.1.17:8445
2025-10-07 18:48:11,042 [INFO] werkzeug: [33mPress CTRL+C to quit[0m
2025-10-07 18:48:15,815 [INFO] werkzeug: 127.0.0.1 - - [07/Oct/2025 18:48:15] "GET /photo1 HTTP/1.1" 200 -
2025-10-07 18:57:43,324 [INFO] werkzeug: [31m[1mWARNING: This is a development server. Do not use it in a production deployment. Use a production WSGI server instead.[0m
 * Running on all addresses (0.0.0.0)
 * Running on https://127.0.0.1:8445
 * Running on https://172.30.1.17:8445
2025-10-07 18:57:43,324 [INFO] werkzeug: [33mPress CTRL+C to quit[0m
2025-10-07 18:59:46,347 [INFO] werkzeug: 127.0.0.1 - - [07/Oct/2025 18:59:46] "GET /photo1 HTTP/1.1" 200 -
2025-10-07 19:00:19,765 [INFO] werkzeug: [31m[1mWARNING: This is a development server. Do not use it in a production deployment. Use a production WSGI server instead.[0m
 * Running on all addresses (0.0.0.0)
 * Running on https://127.0.0.1:8445
 * Running on https://172.30.1.17:8445
2025-10-07 19:00:19,765 [INFO] werkzeug: [33mPress CTRL+C to quit[0m
2025-10-07 19:00:22,651 [INFO] werkzeug: 127.0.0.1 - - [07/Oct/2025 19:00:22] "GET /photo1 HTTP/1.1" 200 -
2025-10-07 19:01:54,991 [INFO] werkzeug: 127.0.0.1 - - [07/Oct/2025 19:01:54] "GET / HTTP/1.1" 200 -
2025-10-07 19:01:55,024 [INFO] werkzeug: 127.0.0.1 - - [07/Oct/2025 19:01:55] "GET /static/img/simulation.jpg HTTP/1.1" 200 -
2025-10-07 19:01:55,025 [INFO] werkzeug: 127.0.0.1 - - [07/Oct/2025 19:01:55] "GET /static/img/sns.png HTTP/1.1" 200 -
2025-10-07 19:01:55,047 [INFO] werkzeug: 127.0.0.1 - - [07/Oct/2025 19:01:55] "GET /static/img/sensor.jpg HTTP/1.1" 200 -
2025-10-07 19:01:55,048 [INFO] werkzeug: 127.0.0.1 - - [07/Oct/2025 19:01:55] "GET /static/img/gcs.jpg HTTP/1.1" 200 -
2025-10-07 19:01:55,051 [INFO] werkzeug: 127.0.0.1 - - [07/Oct/2025 19:01:55] "GET /static/img/drone-drop.jpg HTTP/1.1" 200 -
2025-10-07 19:01:57,845 [INFO] werkzeug: 127.0.0.1 - - [07/Oct/2025 19:01:57] "GET /inject HTTP/1.1" 200 -
2025-10-07 19:01:59,085 [INFO] werkzeug: 127.0.0.1 - - [07/Oct/2025 19:01:59] "GET /static/icons/fire.png?v=2 HTTP/1.1" 200 -
2025-10-07 19:02:00,303 [INFO] t26: SNS raw body: {"Type":"Notification","MessageId":"msg-123","TopicArn":"arn:aws:sns:us-west-2:123456789012:MyTopic","Message":"{\"DeviceID\":\"demo-01\",\"ActivityType\":1,\"Message\":\"Fire Alert\",\"Timestamp\":\"2012-05-02T00:54:06.655Z\",\"Latitude\":37.598262,\"Longitude\":127.12948}","Timestamp":"2025-09-03T12:00:00.000Z","SignatureVersion":"1","Signature":"FAKE","SigningCertURL":"https://example.com/fake-cert.pem"}
2025-10-07 19:02:00,303 [INFO] t26: SNS headers: {'Host': '127.0.0.1:8443', 'User-Agent': 'python-requests/2.32.5', 'Accept-Encoding': 'gzip, deflate', 'Accept': '*/*', 'Connection': 'keep-alive', 'Content-Type': 'text/plain', 'X-Amz-Sns-Message-Type': 'Notification', 'Content-Length': '410'}
2025-10-07 19:02:00,303 [INFO] t26: 📩 SNS Notification stored
2025-10-07 19:02:00,314 [INFO] snd10: [inject] /sns responded 200 ok
2025-10-07 19:02:00,314 [INFO] werkzeug: 127.0.0.1 - - [07/Oct/2025 19:02:00] "POST /api/inject HTTP/1.1" 200 -
2025-10-07 19:02:06,094 [INFO] werkzeug: 127.0.0.1 - - [07/Oct/2025 19:02:06] "GET /photo1 HTTP/1.1" 200 -
2025-10-07 19:03:44,475 [INFO] werkzeug: 127.0.0.1 - - [07/Oct/2025 19:03:44] "GET /photo1 HTTP/1.1" 200 -
2025-10-07 19:14:23,467 [INFO] werkzeug: [31m[1mWARNING: This is a development server. Do not use it in a production deployment. Use a production WSGI server instead.[0m
 * Running on all addresses (0.0.0.0)
 * Running on https://127.0.0.1:8445
 * Running on https://172.30.1.17:8445
2025-10-07 19:14:23,467 [INFO] werkzeug: [33mPress CTRL+C to quit[0m
2025-10-07 19:14:29,169 [INFO] werkzeug: 127.0.0.1 - - [07/Oct/2025 19:14:29] "GET /photo1 HTTP/1.1" 200 -
2025-10-07 19:19:33,808 [INFO] werkzeug: [31m[1mWARNING: This is a development server. Do not use it in a production deployment. Use a production WSGI server instead.[0m
 * Running on all addresses (0.0.0.0)
 * Running on https://127.0.0.1:8445
 * Running on https://172.30.1.17:8445
2025-10-07 19:19:33,808 [INFO] werkzeug: [33mPress CTRL+C to quit[0m
2025-10-07 19:19:41,837 [INFO] werkzeug: 127.0.0.1 - - [07/Oct/2025 19:19:41] "GET /photo1 HTTP/1.1" 200 -
2025-10-07 19:20:18,795 [INFO] werkzeug: [31m[1mWARNING: This is a development server. Do not use it in a production deployment. Use a production WSGI server instead.[0m
 * Running on all addresses (0.0.0.0)
 * Running on https://127.0.0.1:8445
 * Running on https://172.30.1.17:8445
2025-10-07 19:20:18,795 [INFO] werkzeug: [33mPress CTRL+C to quit[0m
2025-10-07 19:20:25,790 [INFO] werkzeug: 127.0.0.1 - - [07/Oct/2025 19:20:25] "GET /photo1 HTTP/1.1" 200 -
2025-10-07 19:23:56,600 [INFO] werkzeug: [31m[1mWARNING: This is a development server. Do not use it in a production deployment. Use a production WSGI server instead.[0m
 * Running on all addresses (0.0.0.0)
 * Running on https://127.0.0.1:8445
 * Running on https://172.30.1.17:8445
2025-10-07 19:23:56,600 [INFO] werkzeug: [33mPress CTRL+C to quit[0m
2025-10-07 19:24:02,169 [INFO] werkzeug: 127.0.0.1 - - [07/Oct/2025 19:24:02] "GET /photo1 HTTP/1.1" 200 -
2025-10-07 19:24:19,358 [INFO] werkzeug: 127.0.0.1 - - [07/Oct/2025 19:24:19] "[33mPOST /img/upload HTTP/1.1[0m" 404 -
2025-10-07 19:45:18,907 [INFO] werkzeug: [31m[1mWARNING: This is a development server. Do not use it in a production deployment. Use a production WSGI server instead.[0m
 * Running on all addresses (0.0.0.0)
 * Running on https://127.0.0.1:8445
 * Running on https://172.30.1.17:8445
2025-10-07 19:45:18,907 [INFO] werkzeug: [33mPress CTRL+C to quit[0m
2025-10-07 19:45:25,093 [INFO] werkzeug: 127.0.0.1 - - [07/Oct/2025 19:45:25] "GET /photo1 HTTP/1.1" 200 -
2025-10-07 19:45:37,644 [INFO] werkzeug: 127.0.0.1 - - [07/Oct/2025 19:45:37] "[33mPOST /img/upload HTTP/1.1[0m" 404 -
2025-10-07 20:43:12,615 [INFO] werkzeug: 127.0.0.1 - - [07/Oct/2025 20:43:12] "[33mPOST /img/upload HTTP/1.1[0m" 404 -
2025-10-07 20:43:51,018 [INFO] werkzeug: [31m[1mWARNING: This is a development server. Do not use it in a production deployment. Use a production WSGI server instead.[0m
 * Running on all addresses (0.0.0.0)
 * Running on https://127.0.0.1:8445
 * Running on https://172.30.1.17:8445
2025-10-07 20:43:51,018 [INFO] werkzeug: [33mPress CTRL+C to quit[0m
2025-10-07 20:43:55,664 [INFO] werkzeug: 127.0.0.1 - - [07/Oct/2025 20:43:55] "GET /photo1 HTTP/1.1" 200 -
2025-10-07 20:44:09,942 [INFO] werkzeug: 127.0.0.1 - - [07/Oct/2025 20:44:09] "[33mPOST /img/upload HTTP/1.1[0m" 404 -
2025-10-07 20:44:49,096 [INFO] werkzeug: 127.0.0.1 - - [07/Oct/2025 20:44:49] "[33mPOST /img/upload HTTP/1.1[0m" 404 -
2025-10-07 20:45:07,083 [INFO] werkzeug: 127.0.0.1 - - [07/Oct/2025 20:45:07] "GET /photo1 HTTP/1.1" 200 -
2025-10-07 20:45:18,699 [INFO] werkzeug: 127.0.0.1 - - [07/Oct/2025 20:45:18] "[33mPOST /img/upload HTTP/1.1[0m" 404 -
2025-10-07 20:46:28,603 [WARNING] t27: Redis delete failed for img:inbox: Error 111 connecting to localhost:6379. Connection refused.
2025-10-07 20:46:28,604 [WARNING] t27: Redis delete failed for img:geo: Error 111 connecting to localhost:6379. Connection refused.
2025-10-07 20:46:28,604 [WARNING] t27: Redis delete failed for img:geo:seen: Error 111 connecting to localhost:6379. Connection refused.
2025-10-07 20:46:28,605 [WARNING] t27: Redis delete failed for img:inbox:ids: Error 111 connecting to localhost:6379. Connection refused.
2025-10-07 20:46:30,971 [WARNING] t27: Redis delete failed for img:inbox: Error 111 connecting to localhost:6379. Connection refused.
2025-10-07 20:46:30,972 [WARNING] t27: Redis delete failed for img:geo: Error 111 connecting to localhost:6379. Connection refused.
2025-10-07 20:46:30,972 [WARNING] t27: Redis delete failed for img:geo:seen: Error 111 connecting to localhost:6379. Connection refused.
2025-10-07 20:46:30,972 [WARNING] t27: Redis delete failed for img:inbox:ids: Error 111 connecting to localhost:6379. Connection refused.
2025-10-07 20:46:32,040 [WARNING] t27: Redis delete failed for img:inbox: Error 111 connecting to localhost:6379. Connection refused.
2025-10-07 20:46:32,041 [WARNING] t27: Redis delete failed for img:geo: Error 111 connecting to localhost:6379. Connection refused.
2025-10-07 20:46:32,042 [WARNING] t27: Redis delete failed for img:geo:seen: Error 111 connecting to localhost:6379. Connection refused.
2025-10-07 20:46:32,042 [WARNING] t27: Redis delete failed for img:inbox:ids: Error 111 connecting to localhost:6379. Connection refused.
2025-10-07 20:46:34,840 [WARNING] t27: Redis delete failed for img:inbox: Error 111 connecting to localhost:6379. Connection refused.
2025-10-07 20:46:34,841 [WARNING] t27: Redis delete failed for img:geo: Error 111 connecting to localhost:6379. Connection refused.
2025-10-07 20:46:34,841 [WARNING] t27: Redis delete failed for img:geo:seen: Error 111 connecting to localhost:6379. Connection refused.
2025-10-07 20:46:34,842 [WARNING] t27: Redis delete failed for img:inbox:ids: Error 111 connecting to localhost:6379. Connection refused.
2025-10-07 20:46:42,083 [WARNING] t27: Redis delete failed for img:inbox: Error 111 connecting to localhost:6379. Connection refused.
2025-10-07 20:46:42,083 [WARNING] t27: Redis delete failed for img:geo: Error 111 connecting to localhost:6379. Connection refused.
2025-10-07 20:46:42,083 [WARNING] t27: Redis delete failed for img:geo:seen: Error 111 connecting to localhost:6379. Connection refused.
2025-10-07 20:46:42,084 [WARNING] t27: Redis delete failed for img:inbox:ids: Error 111 connecting to localhost:6379. Connection refused.
2025-10-07 20:46:47,532 [WARNING] t27: Redis delete failed for img:inbox: Error 111 connecting to localhost:6379. Connection refused.
2025-10-07 20:46:47,532 [WARNING] t27: Redis delete failed for img:geo: Error 111 connecting to localhost:6379. Connection refused.
2025-10-07 20:46:47,533 [WARNING] t27: Redis delete failed for img:geo:seen: Error 111 connecting to localhost:6379. Connection refused.
2025-10-07 20:46:47,533 [WARNING] t27: Redis delete failed for img:inbox:ids: Error 111 connecting to localhost:6379. Connection refused.
2025-10-07 20:46:58,351 [WARNING] t27: Redis delete failed for img:inbox: Error 111 connecting to localhost:6379. Connection refused.
2025-10-07 20:46:58,351 [WARNING] t27: Redis delete failed for img:geo: Error 111 connecting to localhost:6379. Connection refused.
2025-10-07 20:46:58,351 [WARNING] t27: Redis delete failed for img:geo:seen: Error 111 connecting to localhost:6379. Connection refused.
2025-10-07 20:46:58,351 [WARNING] t27: Redis delete failed for img:inbox:ids: Error 111 connecting to localhost:6379. Connection refused.
2025-10-07 20:46:58,830 [WARNING] t27: Redis delete failed for img:inbox: Error 111 connecting to localhost:6379. Connection refused.
2025-10-07 20:46:58,830 [WARNING] t27: Redis delete failed for img:geo: Error 111 connecting to localhost:6379. Connection refused.
2025-10-07 20:46:58,830 [WARNING] t27: Redis delete failed for img:geo:seen: Error 111 connecting to localhost:6379. Connection refused.
2025-10-07 20:46:58,830 [WARNING] t27: Redis delete failed for img:inbox:ids: Error 111 connecting to localhost:6379. Connection refused.
2025-10-07 20:46:59,594 [WARNING] t27: Redis delete failed for img:inbox: Error 111 connecting to localhost:6379. Connection refused.
2025-10-07 20:46:59,594 [WARNING] t27: Redis delete failed for img:geo: Error 111 connecting to localhost:6379. Connection refused.
2025-10-07 20:46:59,595 [WARNING] t27: Redis delete failed for img:geo:seen: Error 111 connecting to localhost:6379. Connection refused.
2025-10-07 20:46:59,595 [WARNING] t27: Redis delete failed for img:inbox:ids: Error 111 connecting to localhost:6379. Connection refused.
2025-10-07 20:46:59,891 [WARNING] t27: Redis delete failed for img:inbox: Error 111 connecting to localhost:6379. Connection refused.
2025-10-07 20:46:59,891 [WARNING] t27: Redis delete failed for img:geo: Error 111 connecting to localhost:6379. Connection refused.
2025-10-07 20:46:59,892 [WARNING] t27: Redis delete failed for img:geo:seen: Error 111 connecting to localhost:6379. Connection refused.
2025-10-07 20:46:59,892 [WARNING] t27: Redis delete failed for img:inbox:ids: Error 111 connecting to localhost:6379. Connection refused.
2025-10-07 20:47:09,686 [WARNING] t27: Redis delete failed for img:inbox: Error 111 connecting to localhost:6379. Connection refused.
2025-10-07 20:47:09,686 [WARNING] t27: Redis delete failed for img:geo: Error 111 connecting to localhost:6379. Connection refused.
2025-10-07 20:47:09,687 [WARNING] t27: Redis delete failed for img:geo:seen: Error 111 connecting to localhost:6379. Connection refused.
2025-10-07 20:47:09,687 [WARNING] t27: Redis delete failed for img:inbox:ids: Error 111 connecting to localhost:6379. Connection refused.
2025-10-07 20:48:37,128 [INFO] werkzeug: 127.0.0.1 - - [07/Oct/2025 20:48:37] "GET /photo1 HTTP/1.1" 200 -
2025-10-07 20:48:49,613 [INFO] werkzeug: 127.0.0.1 - - [07/Oct/2025 20:48:49] "[33mPOST /img/upload HTTP/1.1[0m" 404 -
2025-10-07 21:00:32,778 [INFO] werkzeug: [31m[1mWARNING: This is a development server. Do not use it in a production deployment. Use a production WSGI server instead.[0m
 * Running on all addresses (0.0.0.0)
 * Running on https://127.0.0.1:8445
 * Running on https://172.30.1.17:8445
2025-10-07 21:00:32,778 [INFO] werkzeug: [33mPress CTRL+C to quit[0m
2025-10-07 21:00:44,193 [INFO] werkzeug: 127.0.0.1 - - [07/Oct/2025 21:00:44] "GET /photo1 HTTP/1.1" 200 -
2025-10-07 21:00:59,779 [INFO] snd11: upload ok device=mobile-user-01 topic=arn:aws:sns:us-west-2:123456789012:MyTopic note=테스트 이미지 -> /static/uploads/1759838459_hb.png
2025-10-07 21:00:59,779 [INFO] werkzeug: 127.0.0.1 - - [07/Oct/2025 21:00:59] "POST /img/upload HTTP/1.1" 200 -
2025-10-07 21:04:21,711 [INFO] snd11: upload ok device=mobile-user-01 topic=arn:aws:sns:us-west-2:123456789012:MyTopic note=테스트 이미지 -> /static/uploads/1759838661_hb.png
2025-10-07 21:04:21,711 [INFO] werkzeug: 127.0.0.1 - - [07/Oct/2025 21:04:21] "POST /img/upload HTTP/1.1" 200 -
2025-10-07 21:07:48,686 [INFO] snd11: upload ok device=mobile-user-01 topic=arn:aws:sns:us-west-2:123456789012:MyTopic note=테스트 이미지 -> /static/uploads/1759838868_hb.png
2025-10-07 21:07:48,686 [INFO] werkzeug: 127.0.0.1 - - [07/Oct/2025 21:07:48] "POST /img/upload HTTP/1.1" 200 -
2025-10-07 21:08:44,353 [INFO] snd11: upload ok device=mobile-user-01 topic=arn:aws:sns:us-west-2:123456789012:MyTopic note=테스트 이미지 -> /static/uploads/1759838924_hb.png
2025-10-07 21:08:44,353 [INFO] werkzeug: 127.0.0.1 - - [07/Oct/2025 21:08:44] "POST /img/upload HTTP/1.1" 200 -
2025-10-07 21:10:55,438 [INFO] werkzeug: [31m[1mWARNING: This is a development server. Do not use it in a production deployment. Use a production WSGI server instead.[0m
 * Running on all addresses (0.0.0.0)
 * Running on https://127.0.0.1:8445
 * Running on https://172.30.1.17:8445
2025-10-07 21:10:55,438 [INFO] werkzeug: [33mPress CTRL+C to quit[0m
2025-10-07 21:10:59,691 [INFO] werkzeug: 127.0.0.1 - - [07/Oct/2025 21:10:59] "GET /photo1 HTTP/1.1" 200 -
2025-10-07 21:11:19,622 [INFO] snd11: upload ok device=mobile-user-01 topic=arn:aws:sns:us-west-2:123456789012:MyTopic note=테스트 이미지 -> /static/uploads/1759839079_fire.gif
2025-10-07 21:11:19,623 [INFO] werkzeug: 127.0.0.1 - - [07/Oct/2025 21:11:19] "POST /img/upload HTTP/1.1" 200 -
2025-10-07 21:12:50,402 [INFO] werkzeug: [31m[1mWARNING: This is a development server. Do not use it in a production deployment. Use a production WSGI server instead.[0m
 * Running on all addresses (0.0.0.0)
 * Running on https://127.0.0.1:8445
 * Running on https://172.30.1.17:8445
2025-10-07 21:12:50,402 [INFO] werkzeug: [33mPress CTRL+C to quit[0m
2025-10-07 21:12:55,400 [INFO] werkzeug: 127.0.0.1 - - [07/Oct/2025 21:12:55] "GET /photo1 HTTP/1.1" 200 -
2025-10-07 21:13:07,255 [INFO] werkzeug: 127.0.0.1 - - [07/Oct/2025 21:13:07] "[33mPOST /img/upload HTTP/1.1[0m" 404 -
2025-10-07 21:14:09,265 [INFO] werkzeug: 127.0.0.1 - - [07/Oct/2025 21:14:09] "[33mPOST /img/upload HTTP/1.1[0m" 404 -
2025-10-07 21:14:10,653 [INFO] werkzeug: 127.0.0.1 - - [07/Oct/2025 21:14:10] "[33mPOST /img/upload HTTP/1.1[0m" 404 -
2025-10-07 21:14:53,483 [INFO] werkzeug: [31m[1mWARNING: This is a development server. Do not use it in a production deployment. Use a production WSGI server instead.[0m
 * Running on all addresses (0.0.0.0)
 * Running on https://127.0.0.1:8445
 * Running on https://172.30.1.17:8445
2025-10-07 21:14:53,483 [INFO] werkzeug: [33mPress CTRL+C to quit[0m
2025-10-07 21:14:58,503 [INFO] werkzeug: 127.0.0.1 - - [07/Oct/2025 21:14:58] "GET /photo1 HTTP/1.1" 200 -
2025-10-07 21:15:09,243 [INFO] werkzeug: 127.0.0.1 - - [07/Oct/2025 21:15:09] "[33mPOST /img/upload HTTP/1.1[0m" 404 -
2025-10-07 21:15:20,048 [INFO] werkzeug: 127.0.0.1 - - [07/Oct/2025 21:15:20] "[33mPOST /img/upload HTTP/1.1[0m" 404 -
2025-10-07 21:26:32,175 [INFO] werkzeug: 127.0.0.1 - - [07/Oct/2025 21:26:32] "[33mPOST /img/upload HTTP/1.1[0m" 404 -
2025-10-07 21:26:39,860 [INFO] werkzeug: 127.0.0.1 - - [07/Oct/2025 21:26:39] "GET /photo1 HTTP/1.1" 200 -
2025-10-07 21:26:51,684 [INFO] werkzeug: 127.0.0.1 - - [07/Oct/2025 21:26:51] "[33mPOST /img/upload HTTP/1.1[0m" 404 -
2025-10-07 22:24:47,006 [INFO] werkzeug: [31m[1mWARNING: This is a development server. Do not use it in a production deployment. Use a production WSGI server instead.[0m
 * Running on all addresses (0.0.0.0)
 * Running on https://127.0.0.1:8445
 * Running on https://172.30.1.17:8445
2025-10-07 22:24:47,006 [INFO] werkzeug: [33mPress CTRL+C to quit[0m
2025-10-07 22:24:57,520 [INFO] werkzeug: 127.0.0.1 - - [07/Oct/2025 22:24:57] "[33mGET / HTTP/1.1[0m" 404 -
2025-10-07 22:25:04,691 [INFO] werkzeug: 127.0.0.1 - - [07/Oct/2025 22:25:04] "[33mGET / HTTP/1.1[0m" 404 -
2025-10-07 22:25:22,196 [INFO] werkzeug: 127.0.0.1 - - [07/Oct/2025 22:25:22] "[33mGET / HTTP/1.1[0m" 404 -
2025-10-07 22:26:10,218 [INFO] werkzeug: [31m[1mWARNING: This is a development server. Do not use it in a production deployment. Use a production WSGI server instead.[0m
 * Running on all addresses (0.0.0.0)
 * Running on https://127.0.0.1:8445
 * Running on https://172.30.1.17:8445
2025-10-07 22:26:10,218 [INFO] werkzeug: [33mPress CTRL+C to quit[0m
2025-10-07 22:26:16,331 [INFO] werkzeug: 127.0.0.1 - - [07/Oct/2025 22:26:16] "GET / HTTP/1.1" 200 -
2025-10-07 22:26:16,357 [INFO] werkzeug: 127.0.0.1 - - [07/Oct/2025 22:26:16] "GET /static/img/sns.png HTTP/1.1" 200 -
2025-10-07 22:26:16,359 [INFO] werkzeug: 127.0.0.1 - - [07/Oct/2025 22:26:16] "GET /static/img/sensor.jpg HTTP/1.1" 200 -
2025-10-07 22:26:16,362 [INFO] werkzeug: 127.0.0.1 - - [07/Oct/2025 22:26:16] "GET /static/img/simulation.jpg HTTP/1.1" 200 -
2025-10-07 22:26:16,363 [INFO] werkzeug: 127.0.0.1 - - [07/Oct/2025 22:26:16] "GET /static/img/drone-drop.jpg HTTP/1.1" 200 -
2025-10-07 22:26:16,363 [INFO] werkzeug: 127.0.0.1 - - [07/Oct/2025 22:26:16] "GET /static/img/gcs.jpg HTTP/1.1" 200 -
2025-10-07 22:26:19,633 [INFO] werkzeug: 127.0.0.1 - - [07/Oct/2025 22:26:19] "GET /photo1 HTTP/1.1" 200 -
2025-10-07 22:26:33,479 [INFO] werkzeug: 127.0.0.1 - - [07/Oct/2025 22:26:33] "[33mPOST /img/upload HTTP/1.1[0m" 404 -
2025-10-07 22:36:45,862 [INFO] werkzeug: [31m[1mWARNING: This is a development server. Do not use it in a production deployment. Use a production WSGI server instead.[0m
 * Running on all addresses (0.0.0.0)
 * Running on https://127.0.0.1:8445
 * Running on https://172.30.1.17:8445
2025-10-07 22:36:45,862 [INFO] werkzeug: [33mPress CTRL+C to quit[0m
2025-10-07 22:36:50,483 [INFO] werkzeug: 127.0.0.1 - - [07/Oct/2025 22:36:50] "GET /photo1 HTTP/1.1" 200 -
2025-10-07 22:37:05,820 [INFO] werkzeug: 127.0.0.1 - - [07/Oct/2025 22:37:05] "POST /api/upload HTTP/1.1" 200 -
2025-10-07 22:38:31,208 [INFO] t26: SNS raw body: {"Type":"Notification","MessageId":"msg-123","TopicArn":"arn:aws:sns:us-west-2:123456789012:MyTopic","Message":"{\"DeviceID\":\"demo-01\",\"ActivityType\":1,\"Message\":\"Fire Alert\",\"Timestamp\":\"2012-05-02T00:54:06.655Z\",\"Latitude\":37.902062,\"Longitude\":129.127602}","Timestamp":"2025-09-03T12:00:00.000Z","SignatureVersion":"1","Signature":"FAKE","SigningCertURL":"https://example.com/fake-cert.pem"}
2025-10-07 22:38:31,209 [INFO] t26: SNS headers: {'Host': '127.0.0.1:8443', 'User-Agent': 'python-requests/2.32.5', 'Accept-Encoding': 'gzip, deflate', 'Accept': '*/*', 'Connection': 'keep-alive', 'Content-Type': 'text/plain', 'X-Amz-Sns-Message-Type': 'Notification', 'Content-Length': '411'}
2025-10-07 22:38:31,209 [INFO] t26: 📩 SNS Notification stored
2025-10-07 22:38:31,220 [INFO] snd12: [inject] /sns responded 200 ok
2025-10-07 22:38:31,220 [INFO] werkzeug: 172.30.1.17 - - [07/Oct/2025 22:38:31] "POST /api/inject HTTP/1.1" 200 -
2025-10-07 22:38:39,895 [INFO] werkzeug: 127.0.0.1 - - [07/Oct/2025 22:38:39] "POST /api/upload HTTP/1.1" 200 -
2025-10-07 23:07:23,897 [INFO] werkzeug: 127.0.0.1 - - [07/Oct/2025 23:07:23] "POST /api/upload HTTP/1.1" 200 -
2025-10-07 23:10:18,765 [INFO] werkzeug: 127.0.0.1 - - [07/Oct/2025 23:10:18] "POST /api/upload HTTP/1.1" 200 -
2025-10-07 23:18:13,253 [INFO] werkzeug: 127.0.0.1 - - [07/Oct/2025 23:18:13] "POST /api/upload HTTP/1.1" 200 -
2025-10-08 20:16:22,895 [INFO] werkzeug: [31m[1mWARNING: This is a development server. Do not use it in a production deployment. Use a production WSGI server instead.[0m
 * Running on all addresses (0.0.0.0)
 * Running on https://127.0.0.1:8445
 * Running on https://172.30.1.17:8445
2025-10-08 20:16:22,895 [INFO] werkzeug: [33mPress CTRL+C to quit[0m
2025-10-08 20:16:26,409 [INFO] werkzeug: 172.30.1.17 - - [08/Oct/2025 20:16:26] "GET /inject HTTP/1.1" 200 -
2025-10-08 20:16:26,548 [INFO] werkzeug: 172.30.1.17 - - [08/Oct/2025 20:16:26] "[33mGET /favicon.ico HTTP/1.1[0m" 404 -
2025-10-08 20:16:32,676 [INFO] werkzeug: 172.30.1.17 - - [08/Oct/2025 20:16:32] "GET / HTTP/1.1" 200 -
2025-10-08 20:16:32,707 [INFO] werkzeug: 172.30.1.17 - - [08/Oct/2025 20:16:32] "GET /static/img/sensor.jpg HTTP/1.1" 200 -
2025-10-08 20:16:32,707 [INFO] werkzeug: 172.30.1.17 - - [08/Oct/2025 20:16:32] "GET /static/img/sns.png HTTP/1.1" 200 -
2025-10-08 20:16:32,710 [INFO] werkzeug: 172.30.1.17 - - [08/Oct/2025 20:16:32] "GET /static/img/gcs.jpg HTTP/1.1" 200 -
2025-10-08 20:16:32,712 [INFO] werkzeug: 172.30.1.17 - - [08/Oct/2025 20:16:32] "GET /static/img/simulation.jpg HTTP/1.1" 200 -
2025-10-08 20:16:32,713 [INFO] werkzeug: 172.30.1.17 - - [08/Oct/2025 20:16:32] "GET /static/img/drone-drop.jpg HTTP/1.1" 200 -
2025-10-08 20:16:37,747 [INFO] werkzeug: 172.30.1.17 - - [08/Oct/2025 20:16:37] "GET /inject HTTP/1.1" 200 -
2025-10-08 20:16:39,727 [INFO] werkzeug: 172.30.1.17 - - [08/Oct/2025 20:16:39] "GET /static/icons/fire.png?v=2 HTTP/1.1" 200 -
2025-10-08 20:16:42,364 [INFO] t27: SNS raw body: {"Type":"Notification","MessageId":"msg-123","TopicArn":"arn:aws:sns:us-west-2:123456789012:MyTopic","Message":"{\"DeviceID\":\"demo-01\",\"ActivityType\":1,\"Message\":\"Fire Alert\",\"Timestamp\":\"2012-05-02T00:54:06.655Z\",\"Latitude\":37.677819,\"Longitude\":127.049848}","Timestamp":"2025-09-03T12:00:00.000Z","SignatureVersion":"1","Signature":"FAKE","SigningCertURL":"https://example.com/fake-cert.pem"}
2025-10-08 20:16:42,364 [INFO] t27: SNS headers: {'Host': '127.0.0.1:8443', 'User-Agent': 'python-requests/2.32.5', 'Accept-Encoding': 'gzip, deflate', 'Accept': '*/*', 'Connection': 'keep-alive', 'Content-Type': 'text/plain', 'X-Amz-Sns-Message-Type': 'Notification', 'Content-Length': '411'}
2025-10-08 20:16:42,364 [INFO] t27: 📩 SNS Notification stored
2025-10-08 20:16:42,375 [INFO] snd12: [inject] /sns responded 200 ok
2025-10-08 20:16:42,375 [INFO] werkzeug: 172.30.1.17 - - [08/Oct/2025 20:16:42] "POST /api/inject HTTP/1.1" 200 -
2025-10-08 20:17:24,957 [INFO] werkzeug: 172.30.1.17 - - [08/Oct/2025 20:17:24] "GET /photo1 HTTP/1.1" 200 -
2025-10-08 20:17:49,803 [INFO] werkzeug: 172.30.1.17 - - [08/Oct/2025 20:17:49] "POST /api/upload HTTP/1.1" 200 -
2025-10-13 13:13:45,768 [INFO] werkzeug: [31m[1mWARNING: This is a development server. Do not use it in a production deployment. Use a production WSGI server instead.[0m
 * Running on all addresses (0.0.0.0)
 * Running on https://127.0.0.1:8445
 * Running on https://172.30.1.17:8445
2025-10-13 13:13:45,768 [INFO] werkzeug: [33mPress CTRL+C to quit[0m
2025-10-13 13:13:55,094 [INFO] werkzeug: 172.30.1.17 - - [13/Oct/2025 13:13:55] "GET / HTTP/1.1" 200 -
2025-10-13 13:13:55,123 [INFO] werkzeug: 172.30.1.17 - - [13/Oct/2025 13:13:55] "GET /static/img/sns.png HTTP/1.1" 200 -
2025-10-13 13:13:55,124 [INFO] werkzeug: 172.30.1.17 - - [13/Oct/2025 13:13:55] "GET /static/img/sensor.jpg HTTP/1.1" 200 -
2025-10-13 13:13:55,127 [INFO] werkzeug: 172.30.1.17 - - [13/Oct/2025 13:13:55] "GET /static/img/gcs.jpg HTTP/1.1" 200 -
2025-10-13 13:13:55,128 [INFO] werkzeug: 172.30.1.17 - - [13/Oct/2025 13:13:55] "GET /static/img/simulation.jpg HTTP/1.1" 200 -
2025-10-13 13:13:55,130 [INFO] werkzeug: 172.30.1.17 - - [13/Oct/2025 13:13:55] "GET /static/img/drone-drop.jpg HTTP/1.1" 200 -
2025-10-13 13:13:55,175 [INFO] werkzeug: 172.30.1.17 - - [13/Oct/2025 13:13:55] "[33mGET /favicon.ico HTTP/1.1[0m" 404 -
2025-10-15 14:46:29,643 [INFO] werkzeug: 127.0.0.1 - - [15/Oct/2025 14:46:29] "GET /photo1 HTTP/1.1" 200 -
2025-10-15 14:46:29,823 [INFO] werkzeug: 127.0.0.1 - - [15/Oct/2025 14:46:29] "[33mGET /favicon.ico HTTP/1.1[0m" 404 -
2025-10-15 14:46:56,865 [INFO] werkzeug: 127.0.0.1 - - [15/Oct/2025 14:46:56] "GET / HTTP/1.1" 200 -
2025-10-15 14:46:56,896 [INFO] werkzeug: 127.0.0.1 - - [15/Oct/2025 14:46:56] "GET /static/img/gcs.jpg HTTP/1.1" 200 -
2025-10-15 14:46:56,898 [INFO] werkzeug: 127.0.0.1 - - [15/Oct/2025 14:46:56] "GET /static/img/simulation.jpg HTTP/1.1" 200 -
2025-10-15 14:46:56,902 [INFO] werkzeug: 127.0.0.1 - - [15/Oct/2025 14:46:56] "GET /static/img/sns.png HTTP/1.1" 200 -
2025-10-15 14:46:56,904 [INFO] werkzeug: 127.0.0.1 - - [15/Oct/2025 14:46:56] "GET /static/img/sensor.jpg HTTP/1.1" 200 -
2025-10-15 14:46:56,908 [INFO] werkzeug: 127.0.0.1 - - [15/Oct/2025 14:46:56] "GET /static/img/drone-drop.jpg HTTP/1.1" 200 -
2025-10-15 14:49:11,457 [INFO] werkzeug: 127.0.0.1 - - [15/Oct/2025 14:49:11] "GET /inject HTTP/1.1" 200 -
2025-10-15 14:49:13,049 [INFO] werkzeug: 127.0.0.1 - - [15/Oct/2025 14:49:13] "GET /static/icons/fire.png?v=2 HTTP/1.1" 200 -
2025-10-15 14:49:16,720 [INFO] t27: SNS raw body: {"Type":"Notification","MessageId":"msg-123","TopicArn":"arn:aws:sns:us-west-2:123456789012:MyTopic","Message":"{\"DeviceID\":\"demo-01\",\"ActivityType\":1,\"Message\":\"Fire Alert\",\"Timestamp\":\"2012-05-02T00:54:06.655Z\",\"Latitude\":37.731027,\"Longitude\":127.151226}","Timestamp":"2025-09-03T12:00:00.000Z","SignatureVersion":"1","Signature":"FAKE","SigningCertURL":"https://example.com/fake-cert.pem"}
2025-10-15 14:49:16,721 [INFO] t27: SNS headers: {'Host': '127.0.0.1:8443', 'User-Agent': 'python-requests/2.32.5', 'Accept-Encoding': 'gzip, deflate', 'Accept': '*/*', 'Connection': 'keep-alive', 'Content-Type': 'text/plain', 'X-Amz-Sns-Message-Type': 'Notification', 'Content-Length': '411'}
2025-10-15 14:49:16,721 [INFO] t27: 📩 SNS Notification stored
2025-10-15 14:49:16,732 [INFO] snd12: [inject] /sns responded 200 ok
2025-10-15 14:49:16,732 [INFO] werkzeug: 127.0.0.1 - - [15/Oct/2025 14:49:16] "POST /api/inject HTTP/1.1" 200 -
2025-10-15 14:49:53,745 [INFO] werkzeug: 127.0.0.1 - - [15/Oct/2025 14:49:53] "GET /photo1 HTTP/1.1" 200 -
2025-10-15 14:50:19,321 [INFO] werkzeug: 127.0.0.1 - - [15/Oct/2025 14:50:19] "POST /api/upload HTTP/1.1" 200 -
2025-10-19 20:46:25,331 [INFO] werkzeug: 127.0.0.1 - - [19/Oct/2025 20:46:25] "GET /inject HTTP/1.1" 200 -
